user_id,tenure_months,adopted_feature,orders_90d
1,12,0,8
2,19,1,12
3,20,1,13
4,35,0,16
5,2,0,1
6,21,0,9
7,11,0,5
8,24,1,13
9,26,1,9
10,4,0,4
11,23,1,13
12,21,1,18
13,17,1,15
14,5,0,7
15,2,0,4
16,21,1,11
17,20,0,10
18,18,1,12
19,19,0,8
20,33,0,10
21,13,0,6
22,2,0,2
23,9,0,5
24,16,0,7
25,18,0,11
26,23,0,8
27,34,0,15
28,10,0,8
29,34,1,21
30,14,0,4
31,4,0,7
32,22,1,19
33,31,0,14
34,14,0,5
35,13,0,5
36,1,0,2
37,16,0,6
38,27,1,15
39,1,0,0
40,35,1,17
41,20,0,10
42,17,0,8
43,14,1,14
44,5,0,8
45,4,0,5
46,19,0,10
47,16,1,12
48,5,0,3
49,5,0,4
50,13,0,11
51,13,1,12
52,28,1,18
53,22,1,13
54,1,0,5
55,10,0,6
56,26,0,9
57,24,1,17
58,16,1,11
59,13,0,3
60,25,1,17
61,11,1,13
62,14,0,3
63,24,0,11
64,29,0,10
65,1,0,5
66,30,1,19
67,10,0,2
68,32,1,15
69,15,0,3
70,32,0,13
71,34,1,19
72,27,1,15
73,17,0,5
74,31,1,12
75,21,1,13
76,3,0,3
77,19,0,10
78,18,0,9
79,20,1,18
80,24,1,15
81,8,0,9
82,29,0,10
83,32,1,22
84,22,0,3
85,20,0,12
86,19,1,14
87,13,0,8
88,13,0,6
89,10,0,2
90,16,0,8
91,6,0,5
92,12,1,13
93,2,0,4
94,21,1,15
95,35,1,18
96,22,0,12
97,27,0,8
98,22,1,19
99,7,0,10
100,26,0,10
101,28,0,12
102,33,1,23
103,24,0,11
104,28,0,10
105,30,1,21
106,21,0,9
107,4,0,5
108,13,0,5
109,10,0,6
110,11,0,7
111,32,0,16
112,34,0,11
113,26,0,11
114,15,0,7
115,33,1,15
116,10,0,1
117,32,1,22
118,19,1,13
119,15,0,4
120,21,0,8
121,12,0,11
122,35,1,19
123,9,0,4
124,30,1,16
125,14,1,9
126,6,0,5
127,30,1,19
128,3,0,4
129,34,1,20
130,22,0,14
131,32,1,18
132,31,0,6
133,9,0,2
134,9,0,4
135,3,0,3
136,12,1,10
137,18,1,16
138,35,0,10
139,13,1,11
140,12,0,8
141,2,1,8
142,17,0,14
143,5,0,5
144,5,0,1
145,4,0,2
146,32,1,24
147,24,1,10
148,5,0,3
149,32,1,16
150,28,0,10
151,25,0,10
152,6,0,6
153,28,0,12
154,35,1,22
155,8,0,0
156,10,0,2
157,22,0,11
158,25,0,12
159,15,0,7
160,3,0,4
161,34,1,13
162,6,0,3
163,5,0,1
164,14,0,8
165,36,1,19
166,9,0,5
167,12,1,15
168,8,0,1
169,27,0,15
170,5,0,5
171,8,0,8
172,3,0,7
173,20,1,16
174,4,0,8
175,25,0,11
176,33,1,14
177,7,0,4
178,13,0,9
179,35,0,16
180,27,0,8
181,14,0,6
182,15,0,7
183,12,1,13
184,31,1,16
185,8,0,3
186,24,0,12
187,26,1,17
188,2,1,7
189,10,0,4
190,19,0,10
191,9,0,6
192,24,0,9
193,6,0,5
194,36,1,19
195,2,0,6
196,33,1,20
197,11,1,12
198,21,1,14
199,11,0,10
200,11,0,5
201,36,0,10
202,19,0,10
203,26,0,11
204,8,0,5
205,6,0,5
206,31,1,18
207,4,0,2
208,29,0,14
209,26,0,12
210,3,0,5
211,29,0,9
212,8,0,2
213,15,0,10
214,24,0,9
215,5,0,3
216,13,0,9
217,15,0,1
218,36,1,20
219,21,1,18
220,15,1,12
221,7,0,3
222,28,0,17
223,21,1,9
224,16,1,12
225,35,0,16
226,17,0,11
227,13,0,5
228,18,0,7
229,13,0,3
230,17,0,5
231,6,0,5
232,27,1,18
233,5,1,7
234,3,0,1
235,35,0,21
236,18,0,8
237,23,0,8
238,31,1,18
239,34,1,19
240,14,0,8
241,28,0,12
242,22,0,12
243,13,0,7
244,26,0,10
245,19,1,16
246,27,1,16
247,10,0,6
248,33,1,18
249,30,1,13
250,10,1,10
251,27,1,17
252,10,0,3
253,8,0,10
254,31,0,14
255,32,0,10
256,16,0,8
257,11,1,11
258,34,1,17
259,29,1,18
260,8,0,11
261,23,0,9
262,11,0,7
263,26,1,16
264,16,0,4
265,24,0,11
266,32,0,14
267,35,1,20
268,25,1,14
269,6,0,5
270,1,0,0
271,36,1,14
272,12,1,13
273,36,1,20
274,6,1,8
275,2,1,11
276,23,1,14
277,21,0,7
278,25,0,15
279,24,1,13
280,25,0,8
281,31,0,15
282,28,1,16
283,21,1,15
284,16,0,12
285,24,1,18
286,11,0,4
287,25,0,11
288,6,0,6
289,26,1,17
290,11,0,7
291,18,0,4
292,6,1,9
293,24,0,8
294,12,0,3
295,15,0,13
296,34,1,21
297,27,1,17
298,18,0,11
299,22,0,12
300,26,1,11
301,20,0,7
302,34,1,20
303,24,1,17
304,1,0,4
305,20,1,13
306,17,0,9
307,13,0,3
308,33,1,17
309,30,1,21
310,25,1,14
311,32,0,15
312,17,0,12
313,31,1,14
314,8,0,9
315,15,0,5
316,8,0,6
317,17,1,12
318,12,0,9
319,33,1,16
320,12,1,8
321,33,1,25
322,14,0,5
323,19,1,14
324,31,0,10
325,26,1,14
326,26,1,15
327,7,0,6
328,29,1,17
329,35,1,17
330,25,1,17
331,12,1,15
332,1,0,8
333,4,0,8
334,36,1,20
335,16,0,11
336,2,0,2
337,26,1,16
338,5,0,6
339,12,0,6
340,28,1,15
341,8,0,7
342,10,0,7
343,9,1,13
344,24,1,17
345,27,0,12
346,10,0,7
347,17,1,9
348,18,1,12
349,19,0,6
350,9,0,6
351,31,0,12
352,14,0,8
353,16,0,9
354,32,1,18
355,10,0,8
356,15,0,7
357,11,1,7
358,1,0,1
359,30,0,16
360,8,0,7
361,6,0,6
362,26,0,6
363,6,0,6
364,19,1,13
365,14,0,5
366,10,0,5
367,12,0,5
368,22,0,7
369,29,1,15
370,22,1,13
371,14,0,7
372,29,0,15
373,32,0,9
374,29,1,17
375,21,1,18
376,35,0,15
377,1,0,9
378,23,1,16
379,6,0,5
380,10,0,2
381,15,0,4
382,34,0,13
383,7,1,12
384,20,0,10
385,31,1,17
386,4,0,7
387,14,1,15
388,22,1,16
389,29,1,15
390,2,0,5
391,7,0,2
392,22,1,16
393,16,0,8
394,23,0,10
395,17,1,7
396,9,0,10
397,34,1,21
398,30,1,17
399,14,0,13
400,29,0,13
401,34,1,21
402,17,0,13
403,22,0,16
404,15,0,6
405,17,1,14
406,5,0,5
407,34,1,13
408,1,0,1
409,7,0,5
410,22,0,8
411,7,0,0
412,3,1,10
413,25,0,14
414,5,0,4
415,4,0,6
416,36,1,19
417,11,0,4
418,19,1,14
419,33,1,16
420,16,0,10
421,25,1,14
422,21,0,9
423,3,0,4
424,36,1,15
425,35,0,14
426,36,1,20
427,27,1,14
428,22,0,8
429,21,0,10
430,30,0,12
431,17,0,7
432,8,0,11
433,8,0,4
434,23,0,11
435,21,1,17
436,29,1,15
437,14,1,10
438,13,0,6
439,21,0,10
440,9,0,6
441,6,0,0
442,24,1,14
443,23,0,13
444,3,0,6
445,24,0,9
446,26,0,15
447,22,0,7
448,28,0,11
449,19,0,9
450,18,0,10
451,1,0,7
452,33,1,21
453,30,1,14
454,9,0,9
455,28,1,12
456,3,0,1
457,21,1,14
458,22,0,7
459,32,0,11
460,12,0,12
461,3,0,4
462,28,1,18
463,21,0,11
464,35,1,18
465,5,0,1
466,15,0,8
467,2,0,0
468,15,1,11
469,19,1,12
470,8,0,5
471,9,1,14
472,25,1,13
473,7,1,10
474,6,0,8
475,3,0,6
476,21,1,19
477,20,0,11
478,8,0,4
479,15,0,8
480,11,0,3
481,35,0,13
482,17,0,9
483,28,0,13
484,6,0,3
485,4,0,7
486,36,1,18
487,36,1,16
488,36,1,18
489,7,0,7
490,13,1,6
491,8,0,7
492,17,0,8
493,12,0,6
494,4,0,3
495,3,0,2
496,20,1,14
497,9,0,5
498,20,0,9
499,10,0,4
500,16,1,17
501,28,0,12
502,14,0,6
503,33,0,15
504,4,0,4
505,36,1,18
506,32,0,14
507,27,0,13
508,34,0,16
509,33,1,18
510,33,0,14
511,7,0,4
512,29,1,21
513,19,0,3
514,8,0,9
515,26,1,15
516,10,0,2
517,10,0,6
518,2,0,5
519,34,1,16
520,3,0,0
521,3,0,7
522,17,0,12
523,5,0,7
524,33,0,10
525,7,0,6
526,30,0,13
527,29,1,20
528,29,1,15
529,24,1,15
530,2,0,3
531,20,0,7
532,3,0,5
533,2,0,3
534,33,1,18
535,28,0,14
536,23,1,15
537,19,1,11
538,11,0,7
539,13,0,7
540,25,0,11
541,6,0,5
542,27,1,18
543,26,1,15
544,21,1,20
545,13,0,3
546,18,0,9
547,14,0,10
548,6,0,5
549,30,0,13
550,23,1,22
551,18,0,10
552,5,1,7
553,13,0,5
554,1,0,5
555,34,1,19
556,25,0,12
557,13,0,2
558,19,0,11
559,6,0,3
560,12,0,4
561,30,1,19
562,32,1,14
563,7,0,1
564,19,0,4
565,36,1,15
566,34,1,16
567,3,0,2
568,25,1,16
569,9,0,6
570,26,0,13
571,15,1,13
572,13,0,7
573,1,0,9
574,9,1,13
575,7,1,12
576,9,0,6
577,8,0,5
578,24,0,15
579,14,0,6
580,17,0,5
581,25,0,9
582,9,0,4
583,25,1,15
584,11,1,10
585,7,0,4
586,15,0,10
587,5,0,4
588,28,1,13
589,36,1,13
590,18,0,6
591,24,0,8
592,15,0,6
593,27,1,16
594,22,0,10
595,5,0,1
596,28,0,11
597,18,0,11
598,1,0,5
599,7,0,5
600,32,0,8
601,19,1,11
602,19,0,8
603,27,0,9
604,19,0,7
605,28,0,11
606,13,0,9
607,12,0,10
608,2,0,5
609,30,1,17
610,27,1,18
611,31,0,9
612,6,1,9
613,8,0,2
614,5,0,3
615,15,0,7
616,7,1,8
617,33,1,17
618,29,0,12
619,36,1,17
620,1,0,0
621,31,1,16
622,26,0,6
623,13,0,8
624,12,0,8
625,25,0,9
626,27,1,17
627,35,1,17
628,31,0,15
629,10,0,6
630,23,0,14
631,22,0,8
632,7,0,7
633,2,0,3
634,12,0,7
635,16,0,9
636,36,1,23
637,22,0,11
638,36,0,11
639,10,0,7
640,9,0,5
641,25,1,13
642,25,1,16
643,4,0,1
644,21,0,10
645,30,1,18
646,22,1,13
647,9,0,4
648,32,1,17
649,5,0,2
650,20,1,11
651,1,0,4
652,31,1,13
653,13,0,5
654,35,1,14
655,22,1,19
656,28,1,14
657,29,0,13
658,26,0,8
659,19,0,2
660,20,0,9
661,3,0,6
662,23,1,17
663,14,0,7
664,21,0,10
665,18,0,7
666,21,1,15
667,5,0,3
668,25,0,9
669,28,1,16
670,21,0,16
671,24,0,12
672,18,1,10
673,23,0,14
674,33,0,9
675,14,0,13
676,30,0,15
677,30,0,8
678,31,1,17
679,1,0,4
680,18,0,10
681,32,1,21
682,29,1,19
683,24,1,17
684,12,0,12
685,12,0,4
686,18,0,12
687,19,0,7
688,8,1,9
689,3,1,13
690,35,1,18
691,36,1,23
692,18,0,7
693,29,1,16
694,9,1,18
695,33,0,16
696,1,0,1
697,14,0,6
698,31,0,11
699,12,0,13
700,3,0,2
701,21,1,16
702,30,1,16
703,13,1,10
704,11,1,13
705,20,0,9
706,31,0,13
707,16,0,8
708,1,0,4
709,34,0,8
710,22,0,3
711,36,1,18
712,33,1,21
713,35,1,19
714,29,1,16
715,27,0,13
716,32,1,16
717,22,1,12
718,36,1,20
719,20,1,15
720,4,0,4
721,14,0,5
722,36,0,18
723,10,0,5
724,17,1,11
725,14,1,11
726,14,0,9
727,16,0,3
728,27,1,14
729,1,0,3
730,22,0,10
731,8,0,5
732,8,0,5
733,16,1,16
734,26,1,17
735,18,0,5
736,2,0,5
737,27,0,12
738,34,0,11
739,32,1,18
740,16,0,5
741,27,1,17
742,9,0,8
743,15,0,8
744,23,1,16
745,36,0,11
746,26,0,10
747,35,1,22
748,13,0,8
749,34,1,20
750,20,0,8
751,5,0,5
752,24,1,17
753,34,0,15
754,14,0,8
755,17,1,19
756,11,0,7
757,12,0,8
758,16,0,6
759,17,0,10
760,26,0,8
761,12,1,10
762,2,0,4
763,5,0,3
764,16,0,6
765,28,0,8
766,35,1,21
767,6,0,8
768,19,1,12
769,36,0,16
770,1,1,12
771,35,0,13
772,13,0,7
773,8,1,11
774,18,0,8
775,2,0,4
776,6,0,1
777,29,1,14
778,21,0,8
779,16,0,8
780,26,1,13
781,30,1,16
782,5,0,5
783,36,0,17
784,2,0,1
785,28,1,17
786,19,0,5
787,13,0,6
788,13,0,7
789,9,0,8
790,18,0,14
791,1,0,1
792,36,1,17
793,19,1,16
794,34,1,24
795,8,0,9
796,18,0,3
797,3,0,3
798,19,1,19
799,22,0,11
800,4,1,6
801,21,0,13
802,24,0,7
803,31,1,19
804,5,0,7
805,20,0,9
806,29,0,8
807,32,1,21
808,22,1,14
809,5,0,6
810,28,1,15
811,12,1,13
812,34,1,17
813,7,0,4
814,31,1,18
815,14,1,12
816,29,0,11
817,16,0,7
818,6,0,1
819,9,0,7
820,19,0,4
821,36,1,18
822,34,1,19
823,15,0,10
824,26,0,15
825,19,0,2
826,33,0,9
827,3,0,4
828,12,0,8
829,27,1,19
830,28,0,12
831,30,1,16
832,18,0,8
833,11,1,15
834,30,1,16
835,16,0,12
836,1,0,1
837,12,0,9
838,17,0,4
839,1,0,4
840,30,0,10
841,33,1,18
842,6,0,3
843,1,1,7
844,17,1,15
845,24,0,6
846,30,1,18
847,16,0,6
848,3,0,5
849,14,0,5
850,10,0,9
851,8,0,6
852,16,0,9
853,28,1,16
854,23,1,15
855,18,0,13
856,17,0,11
857,15,1,10
858,36,1,22
859,1,0,4
860,16,0,5
861,13,0,5
862,11,0,7
863,4,0,3
864,19,0,10
865,9,0,4
866,8,0,5
867,3,0,6
868,2,0,2
869,28,0,12
870,22,1,13
871,7,0,6
872,7,0,3
873,21,1,12
874,13,1,11
875,31,1,14
876,27,1,16
877,16,0,8
878,18,1,13
879,14,0,15
880,10,0,7
881,30,0,11
882,14,0,8
883,12,1,17
884,23,1,15
885,4,0,5
886,5,0,4
887,31,0,8
888,2,0,1
889,21,0,9
890,21,1,13
891,13,0,7
892,8,0,3
893,34,1,17
894,17,1,17
895,31,0,8
896,2,0,3
897,31,1,21
898,25,0,14
899,6,0,3
900,26,0,10
901,20,1,14
902,23,1,17
903,19,1,10
904,29,1,19
905,23,1,12
906,7,0,3
907,22,0,13
908,35,1,17
909,30,0,17
910,11,1,9
911,35,1,16
912,5,0,5
913,25,0,7
914,21,1,15
915,10,0,5
916,14,0,4
917,24,1,16
918,15,1,13
919,16,0,15
920,10,0,5
921,1,0,4
922,14,0,12
923,25,0,9
924,25,1,16
925,36,0,17
926,29,1,17
927,14,0,6
928,14,1,9
929,11,1,15
930,4,0,8
931,33,1,17
932,12,0,5
933,32,1,15
934,35,1,18
935,20,0,10
936,7,0,3
937,4,0,7
938,12,0,10
939,4,0,2
940,27,0,15
941,22,0,12
942,3,0,5
943,36,1,17
944,28,0,14
945,31,0,11
946,4,0,5
947,21,0,9
948,17,1,17
949,31,0,11
950,12,0,10
951,11,0,10
952,2,0,4
953,11,0,4
954,10,0,4
955,10,1,12
956,33,1,19
957,22,0,13
958,6,0,4
959,8,0,1
960,22,0,14
961,28,0,13
962,24,0,6
963,2,0,0
964,8,1,13
965,11,0,5
966,12,0,5
967,4,1,8
968,4,1,10
969,26,1,17
970,30,0,16
971,12,0,5
972,3,0,0
973,7,0,3
974,28,1,19
975,15,0,9
976,29,0,14
977,32,1,18
978,2,0,7
979,13,0,8
980,6,0,4
981,31,1,16
982,20,0,8
983,2,0,2
984,32,1,16
985,1,0,4
986,5,0,0
987,36,1,17
988,35,1,18
989,6,0,4
990,16,1,14
991,17,0,7
992,27,1,16
993,5,0,3
994,20,0,3
995,24,0,12
996,21,0,13
997,34,1,16
998,3,0,7
999,32,1,17
1000,9,0,3
1001,1,0,2
1002,15,0,6
1003,5,0,8
1004,31,1,18
1005,22,0,11
1006,18,0,10
1007,34,1,20
1008,16,0,10
1009,24,0,8
1010,31,1,13
1011,12,0,8
1012,23,1,17
1013,27,1,16
1014,31,0,15
1015,13,0,6
1016,7,0,6
1017,25,1,15
1018,16,1,14
1019,9,1,12
1020,9,0,9
1021,20,0,12
1022,25,1,11
1023,1,0,4
1024,29,1,20
1025,9,0,6
1026,25,0,11
1027,20,0,6
1028,16,0,2
1029,32,0,14
1030,2,0,2
1031,3,0,0
1032,3,0,4
1033,14,0,7
1034,23,0,9
1035,2,0,4
1036,29,1,18
1037,31,1,19
1038,33,1,18
1039,35,1,20
1040,34,1,12
1041,9,0,8
1042,26,1,16
1043,17,1,11
1044,22,0,8
1045,18,0,9
1046,27,0,12
1047,36,1,19
1048,12,0,10
1049,32,1,15
1050,3,0,0
1051,32,0,11
1052,24,0,9
1053,28,1,14
1054,31,1,18
1055,30,1,13
1056,23,0,10
1057,7,0,7
1058,30,1,15
1059,32,1,16
1060,28,1,19
1061,35,1,17
1062,11,0,11
1063,25,0,14
1064,15,0,9
1065,31,0,11
1066,28,1,16
1067,34,0,12
1068,17,1,17
1069,1,0,1
1070,17,0,5
1071,20,0,12
1072,7,0,6
1073,15,0,5
1074,28,1,18
1075,21,0,10
1076,16,0,10
1077,14,1,11
1078,5,0,5
1079,20,0,8
1080,4,0,3
1081,30,1,16
1082,6,0,8
1083,21,0,14
1084,16,0,10
1085,33,1,19
1086,34,1,20
1087,26,1,18
1088,30,0,11
1089,19,0,8
1090,32,0,16
1091,18,0,8
1092,6,0,5
1093,28,0,8
1094,23,0,14
1095,11,0,7
1096,16,1,8
1097,5,0,9
1098,7,0,7
1099,15,0,8
1100,16,1,11
1101,7,0,6
1102,10,0,1
1103,34,1,15
1104,18,0,10
1105,29,1,19
1106,25,1,15
1107,11,0,5
1108,17,1,15
1109,29,0,14
1110,14,0,8
1111,12,0,6
1112,10,0,7
1113,10,0,6
1114,34,1,17
1115,30,0,12
1116,23,1,21
1117,21,0,12
1118,34,1,17
1119,18,1,13
1120,24,0,8
1121,27,1,18
1122,20,0,11
1123,2,0,4
1124,29,1,15
1125,25,0,14
1126,14,0,6
1127,5,0,6
1128,16,0,7
1129,23,1,13
1130,2,0,7
1131,22,1,14
1132,2,0,9
1133,17,0,10
1134,4,0,6
1135,2,0,0
1136,1,0,0
1137,27,1,14
1138,8,1,9
1139,22,0,5
1140,17,1,8
1141,24,0,8
1142,28,1,16
1143,10,0,7
1144,10,0,9
1145,26,1,13
1146,5,1,8
1147,8,1,14
1148,12,1,14
1149,13,0,6
1150,18,0,9
1151,23,0,12
1152,6,0,2
1153,16,0,8
1154,2,0,5
1155,28,0,10
1156,16,0,14
1157,18,1,15
1158,17,0,5
1159,7,0,8
1160,26,0,9
1161,28,1,17
1162,25,1,14
1163,28,1,14
1164,36,1,19
1165,29,0,15
1166,28,1,19
1167,22,1,17
1168,6,0,9
1169,16,0,9
1170,34,0,14
1171,10,0,2
1172,26,0,9
1173,2,0,7
1174,29,1,16
1175,12,0,8
1176,25,0,12
1177,15,0,8
1178,5,0,5
1179,32,1,15
1180,3,0,1
1181,7,0,4
1182,21,0,9
1183,21,1,12
1184,5,0,4
1185,16,0,5
1186,13,1,9
1187,18,0,7
1188,32,1,15
1189,5,0,7
1190,2,1,6
1191,25,0,11
1192,21,1,13
1193,19,1,13
1194,6,0,4
1195,20,1,16
1196,4,0,4
1197,26,1,18
1198,28,1,14
1199,24,1,19
1200,23,1,20
1201,34,0,14
1202,28,0,13
1203,3,0,2
1204,26,1,12
1205,36,0,13
1206,32,1,15
1207,6,0,8
1208,36,1,19
1209,36,1,21
1210,12,0,12
1211,31,1,15
1212,20,1,10
1213,30,1,19
1214,32,1,18
1215,28,1,18
1216,5,0,0
1217,3,0,6
1218,16,1,11
1219,1,0,4
1220,28,1,15
1221,28,0,14
1222,19,0,8
1223,22,1,18
1224,6,0,1
1225,12,0,7
1226,2,0,3
1227,32,1,13
1228,7,0,9
1229,5,0,5
1230,22,0,9
1231,12,0,5
1232,26,1,15
1233,23,0,10
1234,4,0,3
1235,31,1,13
1236,36,1,12
1237,10,0,4
1238,20,1,14
1239,31,0,11
1240,18,0,5
1241,21,1,17
1242,25,1,17
1243,10,0,5
1244,23,0,10
1245,34,1,17
1246,27,0,8
1247,13,0,7
1248,5,0,4
1249,7,0,0
1250,28,0,9
1251,31,1,19
1252,31,1,16
1253,20,0,8
1254,36,1,17
1255,3,0,2
1256,10,0,5
1257,18,0,9
1258,4,0,1
1259,9,0,7
1260,22,1,13
1261,17,0,9
1262,26,0,10
1263,23,1,15
1264,31,1,18
1265,20,0,5
1266,11,0,10
1267,19,0,9
1268,35,1,19
1269,24,1,12
1270,19,0,10
1271,11,0,5
1272,3,0,0
1273,23,1,14
1274,22,1,16
1275,23,1,11
1276,24,0,13
1277,36,1,18
1278,34,1,20
1279,7,0,6
1280,19,0,5
1281,11,0,9
1282,31,0,13
1283,30,1,18
1284,12,0,11
1285,30,0,13
1286,34,0,12
1287,14,0,4
1288,22,0,6
1289,36,1,15
1290,33,1,21
1291,3,0,8
1292,11,0,2
1293,13,0,7
1294,25,0,13
1295,19,1,10
1296,12,1,11
1297,21,1,15
1298,22,1,15
1299,15,0,7
1300,6,0,3
1301,33,1,21
1302,24,1,9
1303,12,0,4
1304,4,0,5
1305,27,0,13
1306,18,0,9
1307,34,0,11
1308,35,0,10
1309,21,1,21
1310,10,0,9
1311,32,0,13
1312,6,1,15
1313,25,0,10
1314,17,1,8
1315,12,0,5
1316,21,1,18
1317,17,1,13
1318,25,1,12
1319,28,1,19
1320,29,1,19
1321,24,1,15
1322,34,0,12
1323,17,0,8
1324,12,0,10
1325,22,1,16
1326,14,0,9
1327,6,0,4
1328,27,0,13
1329,36,1,20
1330,2,0,5
1331,28,1,16
1332,14,0,10
1333,10,0,7
1334,11,0,10
1335,23,1,14
1336,34,1,15
1337,1,1,6
1338,8,0,13
1339,23,1,17
1340,2,0,7
1341,25,0,12
1342,15,0,5
1343,1,0,5
1344,32,0,14
1345,33,1,15
1346,24,0,11
1347,32,0,13
1348,20,0,12
1349,10,0,9
1350,31,1,12
1351,34,0,14
1352,14,0,6
1353,10,0,8
1354,17,1,15
1355,5,0,1
1356,17,1,11
1357,8,0,11
1358,35,1,18
1359,29,1,22
1360,5,0,12
1361,19,0,12
1362,5,0,11
1363,8,1,13
1364,13,0,5
1365,35,0,13
1366,5,0,2
1367,28,1,19
1368,25,1,17
1369,1,0,3
1370,18,0,7
1371,8,0,6
1372,21,0,10
1373,20,0,13
1374,15,0,9
1375,27,1,16
1376,1,0,8
1377,11,0,7
1378,24,0,14
1379,15,0,7
1380,23,0,8
1381,16,0,9
1382,28,0,13
1383,31,1,16
1384,22,0,11
1385,30,0,9
1386,32,1,16
1387,21,0,10
1388,30,1,16
1389,15,0,9
1390,6,0,1
1391,14,0,8
1392,15,0,6
1393,19,0,10
1394,7,0,7
1395,20,1,12
1396,28,0,14
1397,17,0,8
1398,9,0,0
1399,14,0,9
1400,29,1,17
1401,8,0,5
1402,1,0,2
1403,36,1,20
1404,4,0,3
1405,36,1,18
1406,16,0,14
1407,16,0,6
1408,9,1,14
1409,29,1,14
1410,35,1,20
1411,31,1,20
1412,2,0,0
1413,34,1,16
1414,8,0,6
1415,8,0,7
1416,5,1,10
1417,14,0,7
1418,6,0,3
1419,22,0,9
1420,1,0,7
1421,6,0,6
1422,7,1,12
1423,3,0,4
1424,19,1,10
1425,16,0,9
1426,2,0,4
1427,36,1,12
1428,25,1,20
1429,30,0,12
1430,9,0,5
1431,13,0,4
1432,15,0,8
1433,18,1,11
1434,11,0,5
1435,9,0,8
1436,31,1,19
1437,25,1,17
1438,18,0,10
1439,34,1,19
1440,22,1,14
1441,17,0,6
1442,34,1,18
1443,31,1,16
1444,12,0,7
1445,2,0,2
1446,10,0,4
1447,6,0,9
1448,26,1,13
1449,31,0,13
1450,27,0,10
1451,6,0,2
1452,16,0,8
1453,16,0,11
1454,36,1,17
1455,24,1,8
1456,17,0,12
1457,10,0,5
1458,22,0,11
1459,7,0,8
1460,27,0,8
1461,21,1,14
1462,8,0,6
1463,5,1,11
1464,13,1,11
1465,15,0,8
1466,6,0,4
1467,24,1,19
1468,18,0,9
1469,19,0,10
1470,6,0,6
1471,23,1,15
1472,23,1,17
1473,1,0,3
1474,33,0,9
1475,15,0,7
1476,18,0,7
1477,34,1,17
1478,31,0,15
1479,26,0,10
1480,27,1,13
1481,34,1,16
1482,17,1,8
1483,11,0,6
1484,11,0,8
1485,10,0,7
1486,28,0,11
1487,3,0,2
1488,34,1,19
1489,34,0,13
1490,3,0,4
1491,16,1,13
1492,7,0,6
1493,12,0,1
1494,23,0,12
1495,31,1,15
1496,1,0,5
1497,30,0,14
1498,5,0,6
1499,16,1,15
1500,10,0,6
1501,18,1,15
1502,4,0,3
1503,14,0,8
1504,35,1,19
1505,1,0,4
1506,18,0,7
1507,3,0,8
1508,33,1,25
1509,30,0,17
1510,33,0,16
1511,23,0,12
1512,34,1,18
1513,6,0,4
1514,35,1,19
1515,12,0,8
1516,11,0,4
1517,30,0,12
1518,10,1,12
1519,13,0,9
1520,6,0,1
1521,17,0,6
1522,7,0,4
1523,33,1,19
1524,8,0,6
1525,22,1,14
1526,11,0,3
1527,23,0,12
1528,32,1,25
1529,24,0,9
1530,14,0,6
1531,23,0,9
1532,4,0,3
1533,29,0,10
1534,25,0,13
1535,24,0,7
1536,27,1,15
1537,23,1,14
1538,32,1,15
1539,31,1,12
1540,24,1,13
1541,8,0,5
1542,9,0,2
1543,4,0,4
1544,22,1,12
1545,8,1,4
1546,20,0,4
1547,22,0,9
1548,19,1,12
1549,1,0,3
1550,17,0,8
1551,18,1,14
1552,27,1,17
1553,32,0,15
1554,18,1,14
1555,2,0,5
1556,19,0,5
1557,24,0,10
1558,34,1,18
1559,30,1,20
1560,3,0,4
1561,25,1,15
1562,17,0,8
1563,35,1,19
1564,7,0,0
1565,33,1,16
1566,11,0,10
1567,23,0,9
1568,4,0,3
1569,2,0,2
1570,34,1,17
1571,33,0,13
1572,9,0,6
1573,23,1,15
1574,30,1,14
1575,34,0,14
1576,6,0,7
1577,8,0,0
1578,17,0,14
1579,24,0,9
1580,20,1,11
1581,14,0,6
1582,3,0,4
1583,31,1,14
1584,23,1,14
1585,3,0,6
1586,17,0,7
1587,34,1,16
1588,21,1,18
1589,10,1,12
1590,31,1,16
1591,33,0,12
1592,26,0,9
1593,26,1,12
1594,18,0,5
1595,28,0,11
1596,5,0,4
1597,13,1,15
1598,16,1,11
1599,14,1,8
1600,1,0,4
1601,14,1,15
1602,16,0,9
1603,1,0,2
1604,28,0,10
1605,7,0,5
1606,27,0,9
1607,14,0,8
1608,17,1,17
1609,36,1,19
1610,8,0,7
1611,31,1,14
1612,20,0,9
1613,23,0,10
1614,33,1,18
1615,12,1,9
1616,31,0,9
1617,36,1,20
1618,1,0,7
1619,25,0,13
1620,33,1,21
1621,24,0,8
1622,19,0,10
1623,13,0,5
1624,7,0,5
1625,16,0,6
1626,34,1,15
1627,16,0,6
1628,14,0,5
1629,19,0,9
1630,17,0,2
1631,25,1,16
1632,13,0,4
1633,18,1,13
1634,19,1,15
1635,2,0,5
1636,2,0,5
1637,35,0,18
1638,23,0,11
1639,6,0,6
1640,29,0,9
1641,12,1,10
1642,20,0,13
1643,23,0,8
1644,28,1,17
1645,27,1,20
1646,27,0,10
1647,10,1,10
1648,6,0,1
1649,18,0,8
1650,25,0,12
1651,20,0,7
1652,32,1,16
1653,31,0,13
1654,35,1,21
1655,28,0,9
1656,26,1,16
1657,28,1,16
1658,15,0,9
1659,26,1,14
1660,11,0,7
1661,34,1,21
1662,2,0,3
1663,23,0,9
1664,13,1,13
1665,35,0,9
1666,34,1,16
1667,26,0,13
1668,11,0,9
1669,32,1,22
1670,9,0,3
1671,23,0,8
1672,31,1,20
1673,18,1,18
1674,10,0,9
1675,2,0,2
1676,26,0,14
1677,16,0,6
1678,14,0,7
1679,21,0,7
1680,17,0,2
1681,9,0,8
1682,13,1,15
1683,27,0,9
1684,2,0,5
1685,34,0,11
1686,11,0,8
1687,13,0,6
1688,2,0,1
1689,13,0,4
1690,25,0,9
1691,28,1,16
1692,25,0,13
1693,35,1,18
1694,6,0,6
1695,11,0,10
1696,25,0,7
1697,19,1,10
1698,7,1,14
1699,30,0,11
1700,3,0,7
1701,6,0,2
1702,22,0,8
1703,14,0,10
1704,28,0,11
1705,34,0,14
1706,27,1,17
1707,15,0,7
1708,33,0,11
1709,3,0,3
1710,33,1,21
1711,30,0,16
1712,29,0,18
1713,18,1,20
1714,20,1,17
1715,17,0,10
1716,14,0,5
1717,7,0,4
1718,9,0,2
1719,13,0,5
1720,17,1,9
1721,25,0,8
1722,28,1,14
1723,1,0,0
1724,10,0,2
1725,5,0,3
1726,19,0,7
1727,24,0,12
1728,20,0,8
1729,36,1,17
1730,29,0,9
1731,11,1,13
1732,36,1,20
1733,27,1,18
1734,3,0,4
1735,2,0,4
1736,13,1,8
1737,22,1,12
1738,27,1,13
1739,23,1,15
1740,29,1,16
1741,22,1,15
1742,7,0,4
1743,8,0,4
1744,6,0,2
1745,6,0,11
1746,7,0,9
1747,26,1,19
1748,19,0,7
1749,16,0,8
1750,26,1,18
1751,13,0,5
1752,25,0,13
1753,9,0,2
1754,6,0,7
1755,36,0,18
1756,20,0,5
1757,30,1,16
1758,25,0,13
1759,7,0,1
1760,5,1,11
1761,23,0,12
1762,10,0,10
1763,36,1,17
1764,4,1,9
1765,23,1,16
1766,8,0,7
1767,22,1,14
1768,35,1,19
1769,3,0,4
1770,28,1,18
1771,7,0,6
1772,26,0,13
1773,25,0,13
1774,22,1,11
1775,28,1,15
1776,31,0,12
1777,3,0,4
1778,11,0,7
1779,33,0,16
1780,22,0,14
1781,27,0,13
1782,1,0,3
1783,11,0,5
1784,28,0,12
1785,27,1,20
1786,34,0,15
1787,4,0,10
1788,32,0,17
1789,35,0,12
1790,24,0,9
1791,11,1,15
1792,24,1,14
1793,30,1,19
1794,34,0,13
1795,17,1,15
1796,23,0,10
1797,22,1,19
1798,10,0,10
1799,32,1,18
1800,33,1,20
1801,29,0,9
1802,3,0,3
1803,18,0,8
1804,3,0,9
1805,19,0,12
1806,11,0,4
1807,25,0,9
1808,4,0,0
1809,33,1,13
1810,24,0,11
1811,32,1,18
1812,27,1,12
1813,15,0,3
1814,6,0,6
1815,18,0,9
1816,33,1,20
1817,30,1,18
1818,23,0,12
1819,32,1,19
1820,32,1,18
1821,28,0,10
1822,28,1,16
1823,8,1,8
1824,25,1,16
1825,19,0,11
1826,24,0,7
1827,2,0,2
1828,10,0,6
1829,19,1,14
1830,1,0,2
1831,10,0,5
1832,13,0,8
1833,15,1,15
1834,27,1,17
1835,15,0,8
1836,17,0,6
1837,13,1,15
1838,8,0,7
1839,2,0,2
1840,25,1,15
1841,19,1,11
1842,2,0,7
1843,16,0,6
1844,17,0,13
1845,18,0,10
1846,22,0,11
1847,9,0,7
1848,24,1,11
1849,35,1,13
1850,27,1,10
1851,23,0,7
1852,4,0,4
1853,12,0,8
1854,32,1,16
1855,29,1,20
1856,24,1,16
1857,22,1,10
1858,5,0,0
1859,3,0,3
1860,22,1,15
1861,18,0,10
1862,17,0,8
1863,21,1,17
1864,31,0,13
1865,34,1,19
1866,7,0,7
1867,24,0,16
1868,32,1,21
1869,15,1,18
1870,20,0,10
1871,2,0,3
1872,12,0,0
1873,7,0,7
1874,12,1,12
1875,16,0,4
1876,3,0,5
1877,9,0,6
1878,24,1,14
1879,22,1,14
1880,3,0,7
1881,30,1,13
1882,2,0,2
1883,33,1,18
1884,2,0,6
1885,33,1,17
1886,20,1,15
1887,12,0,5
1888,27,0,11
1889,32,1,18
1890,8,1,10
1891,14,0,11
1892,3,0,3
1893,28,0,13
1894,21,1,11
1895,21,1,13
1896,28,0,9
1897,19,0,8
1898,6,0,1
1899,13,0,4
1900,35,1,17
1901,21,1,14
1902,24,1,10
1903,14,0,13
1904,30,0,13
1905,3,0,4
1906,33,1,18
1907,22,0,9
1908,22,1,14
1909,19,0,7
1910,19,0,7
1911,30,1,14
1912,26,0,10
1913,31,1,19
1914,10,0,10
1915,36,1,22
1916,16,0,5
1917,24,0,10
1918,9,0,5
1919,19,0,14
1920,6,0,4
1921,7,0,4
1922,36,1,18
1923,7,0,7
1924,21,0,11
1925,10,0,7
1926,22,0,10
1927,5,0,7
1928,31,0,12
1929,13,0,9
1930,10,1,15
1931,35,1,15
1932,31,0,9
1933,15,1,13
1934,11,0,10
1935,33,1,16
1936,7,1,12
1937,11,0,6
1938,9,0,9
1939,31,0,10
1940,17,0,8
1941,36,1,13
1942,25,1,12
1943,30,1,20
1944,18,0,7
1945,24,0,12
1946,28,0,8
1947,11,0,4
1948,22,0,11
1949,18,1,12
1950,36,1,17
1951,1,0,5
1952,26,1,15
1953,20,0,6
1954,18,1,14
1955,36,0,15
1956,27,1,14
1957,32,1,19
1958,12,1,7
1959,21,0,6
1960,26,0,10
1961,26,1,19
1962,35,0,18
1963,18,0,3
1964,2,0,3
1965,33,1,12
1966,10,0,7
1967,16,0,8
1968,33,1,16
1969,32,1,14
1970,13,0,4
1971,17,0,8
1972,32,1,14
1973,13,0,6
1974,28,1,13
1975,30,1,17
1976,17,1,13
1977,28,1,14
1978,11,0,7
1979,6,0,10
1980,4,0,3
1981,36,0,12
1982,1,0,4
1983,11,1,17
1984,30,0,15
1985,19,0,11
1986,32,1,25
1987,1,0,2
1988,18,1,17
1989,16,0,9
1990,17,0,9
1991,5,0,5
1992,33,0,9
1993,17,0,10
1994,8,0,3
1995,31,1,15
1996,33,1,16
1997,32,1,16
1998,19,0,8
1999,12,0,3
2000,3,0,0
2001,14,0,8
2002,27,0,10
2003,23,1,13
2004,23,1,16
2005,29,0,14
2006,1,0,7
2007,33,0,11
2008,3,1,8
2009,23,0,9
2010,20,0,5
2011,25,1,12
2012,4,0,0
2013,3,0,1
2014,21,0,7
2015,21,0,11
2016,15,0,9
2017,20,0,9
2018,25,0,13
2019,25,1,14
2020,25,1,17
2021,3,0,4
2022,32,1,21
2023,27,1,13
2024,13,0,8
2025,4,0,1
2026,28,1,14
2027,2,0,1
2028,13,0,6
2029,16,0,3
2030,4,0,5
2031,28,1,18
2032,9,0,7
2033,1,0,2
2034,33,0,12
2035,35,1,12
2036,17,0,10
2037,23,1,14
2038,13,0,5
2039,31,0,8
2040,29,0,14
2041,19,0,8
2042,10,0,5
2043,26,1,17
2044,18,0,6
2045,29,1,15
2046,1,0,3
2047,28,1,19
2048,36,1,20
2049,25,0,4
2050,20,1,17
2051,22,0,9
2052,8,0,9
2053,17,0,6
2054,13,0,1
2055,34,1,19
2056,8,0,4
2057,26,1,17
2058,30,1,13
2059,6,0,2
2060,17,0,9
2061,17,1,8
2062,1,0,5
2063,23,0,8
2064,28,1,19
2065,25,0,10
2066,34,0,16
2067,24,0,8
2068,28,1,17
2069,23,0,9
2070,26,0,9
2071,22,1,13
2072,33,1,15
2073,5,0,8
2074,24,1,19
2075,25,0,11
2076,31,0,6
2077,13,0,4
2078,13,0,4
2079,18,0,10
2080,23,0,7
2081,20,0,9
2082,29,1,21
2083,6,0,2
2084,21,0,6
2085,26,1,16
2086,5,0,4
2087,23,1,13
2088,31,0,18
2089,18,0,9
2090,1,0,0
2091,3,0,8
2092,36,1,22
2093,2,0,2
2094,33,1,18
2095,27,1,19
2096,13,0,7
2097,26,0,10
2098,29,0,17
2099,21,0,7
2100,8,0,4
2101,30,1,19
2102,16,0,7
2103,5,0,5
2104,34,1,19
2105,28,0,10
2106,32,1,15
2107,7,0,6
2108,34,1,20
2109,18,0,10
2110,11,0,7
2111,9,0,9
2112,11,0,3
2113,9,1,13
2114,5,0,5
2115,4,0,5
2116,1,0,0
2117,19,1,14
2118,32,0,16
2119,14,0,8
2120,5,0,4
2121,33,1,17
2122,34,1,23
2123,12,1,9
2124,8,0,7
2125,22,1,21
2126,13,1,13
2127,22,1,16
2128,9,0,7
2129,22,0,9
2130,2,0,2
2131,10,0,11
2132,22,1,15
2133,25,0,13
2134,27,1,18
2135,5,0,2
2136,11,0,11
2137,21,0,7
2138,33,0,13
2139,3,0,1
2140,15,0,6
2141,18,0,11
2142,14,1,13
2143,17,0,8
2144,21,0,10
2145,28,1,18
2146,6,0,4
2147,35,1,16
2148,26,0,7
2149,24,0,7
2150,33,0,12
2151,5,0,2
2152,21,0,8
2153,27,1,20
2154,1,0,2
2155,34,1,18
2156,35,1,18
2157,11,0,9
2158,11,1,12
2159,27,0,10
2160,1,0,3
2161,30,1,16
2162,30,0,16
2163,6,0,4
2164,4,0,6
2165,1,0,6
2166,2,0,4
2167,34,0,12
2168,29,0,13
2169,12,0,7
2170,12,0,5
2171,18,0,6
2172,14,0,5
2173,35,0,15
2174,23,0,6
2175,14,0,2
2176,1,1,7
2177,11,0,7
2178,27,1,16
2179,32,1,15
2180,32,0,11
2181,10,0,9
2182,9,0,6
2183,21,0,5
2184,16,0,9
2185,18,0,9
2186,32,1,18
2187,4,0,2
2188,7,0,5
2189,18,1,16
2190,13,0,4
2191,35,0,16
2192,29,1,18
2193,27,1,18
2194,1,0,2
2195,4,0,3
2196,12,0,5
2197,29,1,16
2198,28,1,18
2199,11,0,7
2200,28,0,9
2201,5,0,1
2202,23,0,12
2203,5,0,5
2204,13,0,10
2205,10,1,12
2206,25,1,16
2207,23,0,12
2208,31,1,18
2209,2,0,3
2210,17,1,17
2211,7,0,6
2212,17,0,7
2213,1,0,4
2214,6,0,5
2215,33,0,10
2216,14,1,13
2217,10,0,5
2218,36,0,17
2219,15,1,11
2220,12,1,5
2221,1,0,0
2222,21,0,9
2223,1,0,1
2224,3,1,7
2225,7,0,5
2226,7,0,4
2227,12,0,9
2228,3,0,4
2229,7,1,12
2230,2,0,6
2231,26,0,11
2232,24,0,8
2233,5,0,1
2234,12,0,3
2235,15,0,6
2236,24,0,14
2237,6,0,3
2238,18,0,12
2239,18,0,9
2240,36,1,18
2241,28,0,14
2242,14,1,11
2243,27,0,10
2244,30,1,17
2245,22,1,14
2246,6,0,2
2247,24,1,15
2248,34,0,12
2249,28,1,14
2250,11,0,4
2251,28,0,9
2252,23,1,21
2253,16,0,10
2254,2,0,5
2255,8,0,5
2256,25,1,14
2257,30,1,20
2258,20,0,6
2259,28,1,16
2260,25,1,12
2261,29,1,16
2262,3,0,4
2263,21,0,11
2264,9,0,8
2265,32,0,13
2266,1,0,7
2267,10,0,4
2268,17,0,12
2269,21,0,7
2270,17,0,6
2271,17,0,15
2272,18,0,14
2273,31,1,19
2274,7,1,9
2275,4,0,6
2276,13,0,8
2277,29,1,19
2278,20,1,14
2279,8,0,6
2280,24,0,9
2281,1,0,1
2282,20,0,15
2283,11,0,1
2284,6,0,0
2285,16,0,6
2286,27,1,21
2287,5,0,6
2288,21,1,18
2289,2,0,1
2290,32,1,16
2291,23,0,14
2292,18,0,4
2293,8,1,11
2294,29,0,11
2295,8,0,7
2296,30,1,16
2297,36,0,18
2298,20,0,5
2299,29,1,18
2300,8,0,6
2301,9,0,8
2302,9,0,5
2303,27,1,15
2304,35,1,18
2305,22,1,13
2306,14,1,11
2307,22,0,13
2308,7,0,7
2309,19,0,8
2310,24,0,7
2311,23,0,16
2312,1,0,6
2313,33,1,14
2314,20,1,13
2315,31,1,19
2316,16,1,16
2317,25,1,13
2318,9,0,4
2319,5,0,3
2320,11,0,7
2321,23,1,12
2322,12,0,8
2323,33,1,19
2324,35,1,16
2325,3,0,3
2326,6,1,12
2327,33,1,17
2328,30,0,11
2329,28,1,13
2330,18,0,6
2331,6,0,7
2332,15,0,6
2333,10,0,7
2334,32,0,11
2335,27,0,11
2336,16,0,10
2337,31,0,15
2338,36,0,12
2339,17,0,8
2340,11,0,10
2341,6,0,6
2342,6,0,0
2343,3,0,1
2344,16,1,13
2345,18,1,20
2346,34,1,15
2347,28,1,20
2348,35,1,18
2349,16,1,17
2350,7,0,0
2351,24,1,17
2352,35,0,14
2353,11,0,11
2354,2,0,0
2355,21,1,18
2356,1,0,1
2357,20,0,11
2358,34,1,15
2359,20,1,9
2360,32,1,16
2361,15,0,5
2362,23,0,12
2363,34,1,19
2364,28,1,14
2365,2,0,1
2366,9,0,3
2367,35,1,15
2368,17,0,7
2369,32,0,17
2370,8,0,2
2371,23,0,12
2372,16,1,13
2373,5,0,4
2374,11,0,7
2375,8,0,4
2376,6,1,10
2377,11,0,9
2378,14,0,7
2379,4,0,5
2380,24,1,14
2381,11,0,4
2382,6,0,3
2383,9,0,6
2384,25,1,17
2385,16,0,12
2386,1,0,3
2387,23,0,10
2388,12,0,5
2389,26,0,14
2390,19,1,11
2391,27,0,11
2392,18,0,10
2393,20,0,6
2394,20,0,12
2395,16,1,12
2396,19,0,12
2397,14,0,7
2398,10,0,9
2399,31,0,15
2400,29,1,18
2401,16,1,12
2402,14,0,11
2403,30,0,7
2404,10,0,7
2405,32,1,15
2406,5,1,12
2407,11,1,12
2408,23,0,14
2409,10,0,6
2410,7,0,3
2411,28,1,13
2412,28,1,12
2413,34,0,13
2414,27,1,10
2415,27,1,17
2416,33,1,21
2417,28,0,11
2418,18,0,5
2419,35,1,20
2420,6,0,11
2421,21,0,8
2422,35,1,17
2423,11,0,8
2424,3,1,8
2425,6,0,2
2426,8,0,3
2427,22,0,5
2428,4,0,4
2429,17,0,11
2430,3,0,9
2431,12,1,11
2432,32,0,14
2433,10,0,9
2434,29,1,18
2435,34,1,18
2436,7,0,11
2437,30,0,17
2438,9,0,6
2439,34,1,16
2440,6,1,6
2441,4,0,8
2442,8,1,5
2443,2,1,9
2444,35,0,16
2445,8,0,4
2446,31,1,19
2447,3,0,6
2448,30,1,18
2449,2,1,11
2450,25,0,13
2451,12,0,6
2452,32,1,22
2453,1,0,5
2454,19,1,10
2455,20,1,20
2456,2,1,12
2457,34,0,13
2458,32,1,17
2459,10,0,3
2460,25,1,15
2461,26,1,18
2462,11,0,6
2463,7,0,7
2464,11,0,14
2465,12,0,5
2466,12,0,7
2467,28,0,15
2468,17,0,9
2469,13,0,9
2470,23,1,14
2471,34,0,9
2472,28,1,15
2473,34,1,22
2474,30,0,11
2475,25,0,10
2476,3,0,2
2477,16,0,11
2478,3,0,9
2479,25,1,13
2480,4,0,3
2481,23,0,9
2482,28,1,16
2483,22,0,10
2484,22,0,14
2485,29,1,23
2486,19,0,12
2487,20,1,14
2488,4,0,7
2489,8,0,10
2490,19,0,7
2491,22,1,12
2492,21,0,7
2493,17,0,7
2494,5,0,4
2495,25,0,15
2496,34,0,14
2497,14,0,7
2498,14,1,7
2499,19,1,16
2500,19,1,12
2501,25,1,21
2502,19,1,13
2503,14,0,5
2504,20,1,11
2505,20,0,13
2506,25,0,11
2507,32,1,18
2508,30,1,21
2509,4,0,4
2510,9,0,4
2511,9,0,6
2512,29,0,11
2513,29,1,19
2514,31,1,15
2515,22,0,7
2516,24,1,14
2517,9,0,6
2518,33,1,17
2519,16,1,13
2520,10,0,5
2521,27,1,20
2522,33,1,16
2523,9,0,3
2524,6,0,4
2525,16,0,9
2526,1,0,3
2527,25,0,7
2528,2,0,4
2529,19,0,9
2530,11,0,8
2531,8,1,7
2532,19,1,18
2533,11,0,4
2534,14,0,7
2535,21,1,17
2536,4,0,2
2537,25,1,12
2538,35,1,19
2539,21,0,13
2540,2,0,1
2541,31,1,15
2542,22,0,12
2543,7,0,8
2544,31,1,19
2545,10,0,7
2546,10,1,12
2547,25,0,9
2548,7,0,10
2549,22,1,15
2550,19,0,9
2551,21,0,6
2552,31,1,14
2553,17,0,8
2554,15,0,5
2555,4,0,5
2556,24,1,20
2557,33,0,11
2558,36,1,20
2559,27,1,18
2560,32,0,12
2561,16,1,12
2562,34,1,18
2563,25,0,13
2564,10,0,1
2565,16,0,6
2566,33,1,17
2567,1,0,5
2568,29,0,11
2569,13,0,4
2570,10,0,5
2571,7,0,5
2572,22,0,7
2573,3,0,7
2574,18,0,7
2575,26,0,7
2576,28,1,15
2577,9,0,5
2578,27,0,13
2579,10,0,0
2580,10,0,3
2581,9,1,6
2582,5,0,3
2583,1,0,1
2584,11,0,4
2585,32,1,19
2586,6,0,7
2587,30,1,17
2588,8,0,9
2589,2,0,2
2590,8,0,3
2591,27,1,17
2592,4,0,6
2593,22,1,16
2594,19,0,13
2595,29,1,18
2596,2,0,0
2597,16,0,0
2598,11,0,7
2599,13,0,6
2600,27,1,16
2601,3,0,0
2602,18,0,9
2603,4,1,9
2604,36,1,14
2605,18,0,5
2606,31,0,11
2607,3,0,4
2608,20,1,15
2609,16,1,9
2610,8,0,3
2611,13,0,9
2612,21,0,9
2613,33,0,16
2614,33,1,18
2615,3,0,2
2616,35,0,13
2617,6,0,8
2618,31,1,13
2619,9,0,6
2620,16,1,15
2621,4,0,6
2622,33,0,14
2623,19,0,12
2624,4,0,10
2625,18,1,12
2626,28,1,17
2627,7,0,6
2628,34,1,15
2629,15,0,2
2630,1,0,2
2631,21,0,10
2632,3,0,4
2633,5,0,5
2634,33,0,14
2635,15,1,9
2636,32,1,19
2637,33,1,17
2638,13,0,3
2639,31,1,17
2640,30,1,14
2641,7,0,4
2642,27,0,14
2643,31,1,16
2644,16,0,9
2645,35,0,16
2646,25,1,14
2647,2,0,7
2648,35,1,23
2649,28,1,20
2650,24,1,11
2651,34,0,15
2652,15,1,14
2653,23,1,9
2654,33,0,17
2655,21,0,8
2656,6,0,6
2657,18,0,10
2658,19,0,8
2659,25,1,19
2660,24,0,10
2661,31,1,16
2662,6,0,3
2663,13,1,8
2664,35,1,17
2665,23,0,7
2666,29,0,11
2667,11,1,14
2668,28,0,10
2669,10,0,8
2670,27,0,12
2671,19,1,16
2672,19,0,3
2673,2,0,4
2674,5,0,7
2675,18,0,11
2676,27,0,11
2677,20,0,9
2678,11,0,4
2679,34,1,15
2680,24,0,9
2681,32,0,13
2682,31,0,16
2683,11,0,10
2684,15,0,13
2685,28,1,19
2686,30,1,25
2687,36,1,16
2688,21,1,15
2689,17,1,14
2690,23,0,7
2691,11,0,5
2692,20,1,10
2693,32,1,17
2694,19,0,6
2695,24,1,16
2696,7,0,2
2697,7,0,5
2698,7,0,5
2699,29,0,11
2700,15,0,6
2701,25,1,18
2702,20,0,10
2703,16,1,17
2704,30,1,19
2705,6,0,3
2706,15,0,12
2707,23,0,9
2708,4,0,3
2709,18,0,10
2710,24,0,11
2711,7,0,8
2712,27,1,20
2713,22,1,11
2714,26,1,14
2715,11,1,19
2716,14,0,6
2717,21,1,8
2718,16,0,8
2719,1,0,3
2720,9,0,9
2721,24,0,8
2722,23,0,7
2723,15,0,6
2724,32,0,14
2725,20,0,3
2726,10,0,5
2727,36,1,19
2728,23,1,16
2729,19,1,10
2730,33,0,14
2731,8,0,8
2732,18,0,12
2733,24,1,13
2734,3,0,0
2735,5,0,4
2736,24,1,20
2737,21,1,10
2738,24,1,14
2739,22,0,12
2740,27,1,24
2741,5,0,6
2742,21,0,10
2743,33,0,10
2744,6,1,14
2745,8,0,7
2746,10,1,11
2747,15,0,5
2748,14,0,10
2749,24,0,10
2750,13,0,4
2751,21,1,13
2752,16,0,5
2753,32,1,20
2754,33,1,23
2755,16,0,5
2756,26,1,13
2757,24,0,9
2758,23,1,11
2759,18,0,6
2760,13,0,11
2761,4,1,9
2762,33,1,18
2763,16,0,3
2764,12,0,8
2765,9,0,7
2766,30,1,17
2767,10,0,7
2768,19,1,12
2769,28,0,11
2770,26,0,7
2771,27,1,16
2772,16,1,17
2773,24,0,10
2774,28,0,16
2775,27,1,17
2776,9,1,14
2777,10,0,6
2778,26,1,19
2779,21,0,3
2780,16,1,13
2781,28,0,8
2782,29,1,15
2783,6,0,4
2784,29,0,14
2785,21,0,11
2786,31,0,16
2787,21,0,8
2788,5,1,11
2789,19,0,4
2790,27,1,14
2791,30,0,13
2792,13,1,6
2793,5,0,5
2794,8,0,4
2795,2,0,2
2796,7,0,5
2797,20,1,14
2798,17,1,16
2799,34,0,12
2800,34,1,14
2801,8,0,5
2802,4,0,3
2803,8,0,2
2804,6,0,4
2805,14,1,14
2806,34,0,10
2807,8,0,5
2808,33,1,17
2809,35,0,11
2810,26,1,13
2811,5,0,4
2812,4,0,2
2813,7,1,8
2814,28,0,16
2815,21,0,9
2816,19,1,13
2817,18,1,12
2818,29,1,18
2819,8,0,8
2820,33,1,17
2821,25,1,13
2822,23,1,14
2823,35,1,17
2824,2,0,5
2825,1,0,4
2826,3,0,6
2827,20,1,14
2828,33,1,17
2829,34,0,13
2830,24,0,7
2831,21,0,10
2832,35,0,11
2833,34,1,16
2834,36,1,22
2835,28,1,18
2836,17,0,2
2837,10,0,4
2838,8,0,6
2839,5,0,8
2840,35,0,10
2841,8,0,4
2842,20,0,10
2843,21,0,12
2844,12,0,5
2845,20,0,12
2846,31,0,11
2847,7,0,4
2848,25,1,14
2849,12,0,10
2850,34,0,13
2851,29,1,18
2852,17,0,10
2853,27,0,12
2854,22,1,12
2855,11,0,4
2856,4,0,2
2857,14,0,9
2858,20,1,11
2859,20,1,15
2860,4,0,0
2861,11,0,11
2862,21,0,9
2863,3,0,3
2864,2,0,6
2865,23,1,16
2866,31,0,14
2867,4,0,3
2868,34,0,17
2869,22,0,15
2870,19,0,4
2871,29,0,9
2872,3,0,2
2873,34,1,17
2874,18,0,6
2875,34,1,19
2876,20,0,12
2877,31,0,11
2878,30,0,13
2879,30,1,15
2880,33,1,18
2881,28,0,10
2882,4,0,2
2883,32,1,16
2884,14,0,8
2885,14,0,5
2886,24,0,7
2887,24,1,16
2888,35,1,19
2889,29,0,13
2890,14,0,5
2891,30,1,16
2892,19,0,10
2893,1,1,10
2894,29,1,19
2895,25,1,16
2896,20,0,7
2897,22,0,7
2898,23,0,8
2899,13,0,3
2900,1,0,5
2901,15,0,10
2902,10,0,3
2903,11,1,9
2904,13,1,10
2905,26,1,13
2906,32,1,20
2907,29,1,17
2908,13,1,13
2909,7,0,5
2910,25,0,15
2911,25,0,8
2912,14,0,7
2913,18,1,16
2914,11,0,7
2915,14,0,8
2916,36,0,13
2917,18,1,17
2918,8,0,1
2919,15,1,9
2920,15,0,7
2921,9,0,4
2922,1,0,7
2923,9,1,13
2924,4,0,3
2925,29,1,18
2926,7,0,4
2927,36,1,20
2928,3,0,4
2929,28,1,15
2930,8,0,5
2931,15,0,2
2932,25,0,7
2933,36,1,17
2934,8,0,4
2935,3,0,3
2936,28,0,8
2937,35,0,15
2938,26,1,15
2939,35,1,17
2940,34,1,19
2941,31,1,21
2942,25,0,13
2943,27,1,14
2944,19,0,13
2945,16,1,15
2946,12,0,5
2947,14,1,12
2948,3,0,3
2949,32,1,18
2950,6,0,2
2951,27,0,12
2952,7,0,4
2953,6,0,3
2954,20,1,15
2955,30,1,19
2956,17,0,11
2957,22,0,9
2958,27,0,9
2959,30,0,15
2960,1,0,2
2961,30,1,15
2962,14,0,7
2963,5,0,4
2964,14,0,7
2965,12,0,5
2966,34,1,16
2967,30,0,14
2968,6,0,6
2969,26,1,15
2970,25,0,11
2971,32,1,17
2972,31,1,17
2973,3,0,1
2974,12,0,8
2975,22,0,10
2976,35,0,16
2977,4,0,4
2978,13,0,5
2979,4,0,4
2980,35,1,17
2981,15,0,11
2982,30,1,13
2983,27,1,17
2984,12,1,9
2985,5,1,14
2986,34,1,19
2987,32,1,21
2988,13,0,9
2989,5,0,4
2990,22,1,15
2991,23,1,15
2992,16,0,7
2993,2,0,0
2994,13,0,3
2995,28,1,15
2996,23,0,10
2997,36,0,13
2998,26,0,9
2999,21,0,7
3000,7,0,6
3001,17,0,10
3002,12,0,4
3003,25,0,10
3004,30,1,19
3005,36,0,14
3006,5,0,2
3007,23,1,18
3008,19,1,14
3009,30,1,18
3010,8,0,6
3011,34,0,11
3012,23,1,20
3013,33,0,14
3014,12,0,4
3015,7,0,8
3016,32,0,17
3017,18,0,9
3018,29,1,17
3019,1,0,2
3020,34,0,17
3021,32,1,14
3022,1,0,5
3023,13,1,10
3024,20,0,7
3025,32,1,18
3026,23,0,9
3027,23,0,10
3028,14,1,14
3029,6,0,2
3030,19,0,6
3031,5,0,3
3032,7,0,7
3033,4,1,9
3034,26,0,13
3035,17,0,7
3036,34,1,16
3037,1,0,3
3038,10,0,3
3039,32,1,18
3040,25,1,13
3041,35,1,18
3042,5,0,0
3043,6,0,4
3044,23,0,13
3045,11,0,8
3046,21,0,8
3047,31,1,20
3048,35,0,11
3049,31,0,10
3050,18,0,11
3051,10,0,5
3052,6,0,10
3053,12,0,10
3054,33,1,19
3055,8,0,3
3056,31,1,18
3057,2,0,3
3058,9,0,7
3059,26,1,15
3060,3,0,8
3061,33,1,20
3062,30,1,16
3063,23,0,8
3064,1,1,8
3065,7,0,4
3066,24,0,14
3067,6,0,4
3068,34,1,16
3069,30,0,11
3070,22,0,7
3071,10,1,10
3072,36,1,19
3073,36,1,20
3074,8,0,6
3075,21,1,16
3076,33,1,17
3077,24,0,14
3078,35,1,19
3079,19,1,14
3080,21,1,15
3081,11,0,6
3082,11,1,11
3083,33,0,11
3084,2,0,4
3085,31,0,13
3086,22,0,12
3087,14,0,9
3088,10,0,5
3089,31,1,14
3090,31,1,20
3091,31,0,13
3092,36,1,20
3093,36,1,21
3094,27,1,18
3095,3,0,5
3096,9,0,4
3097,7,1,12
3098,9,0,5
3099,5,0,5
3100,26,1,14
3101,28,1,19
3102,10,0,4
3103,5,0,5
3104,28,0,14
3105,16,0,8
3106,36,1,21
3107,23,0,6
3108,4,0,6
3109,12,0,8
3110,23,0,8
3111,24,0,10
3112,27,1,17
3113,12,0,7
3114,19,0,5
3115,21,0,4
3116,29,0,8
3117,8,0,7
3118,27,0,15
3119,33,0,13
3120,32,1,15
3121,8,0,6
3122,2,0,4
3123,17,1,16
3124,1,0,2
3125,3,0,5
3126,12,0,3
3127,28,1,16
3128,1,0,1
3129,18,0,10
3130,11,1,11
3131,11,0,9
3132,14,0,5
3133,11,0,4
3134,31,0,13
3135,27,0,12
3136,21,0,13
3137,20,0,9
3138,17,0,9
3139,16,0,5
3140,16,0,4
3141,4,0,7
3142,30,1,16
3143,30,1,23
3144,26,1,16
3145,24,1,15
3146,18,0,3
3147,3,0,3
3148,36,0,16
3149,12,0,6
3150,4,0,3
3151,2,0,4
3152,18,1,12
3153,13,0,11
3154,16,0,8
3155,23,1,16
3156,32,1,17
3157,6,0,1
3158,2,0,3
3159,36,1,13
3160,1,0,5
3161,12,0,2
3162,16,0,11
3163,14,0,7
3164,34,1,19
3165,26,0,10
3166,15,1,13
3167,26,0,8
3168,17,1,13
3169,6,0,7
3170,5,0,5
3171,34,1,18
3172,33,0,16
3173,5,0,7
3174,7,0,4
3175,17,0,7
3176,1,0,5
3177,22,1,15
3178,15,0,9
3179,9,1,8
3180,4,0,3
3181,23,0,10
3182,6,0,7
3183,10,0,9
3184,28,1,19
3185,11,0,8
3186,8,0,4
3187,25,0,7
3188,33,1,18
3189,23,0,7
3190,30,1,18
3191,2,0,5
3192,30,1,18
3193,4,0,5
3194,15,0,5
3195,29,1,13
3196,26,0,10
3197,29,1,15
3198,11,0,10
3199,7,0,5
3200,34,1,20
3201,26,1,18
3202,21,1,17
3203,5,0,7
3204,21,1,15
3205,14,0,9
3206,30,1,22
3207,29,0,10
3208,26,1,16
3209,34,1,18
3210,24,1,16
3211,10,0,8
3212,12,0,6
3213,4,0,5
3214,19,0,7
3215,5,0,3
3216,35,0,11
3217,3,0,5
3218,36,1,17
3219,25,1,22
3220,12,0,8
3221,9,0,5
3222,8,1,9
3223,14,0,10
3224,10,0,1
3225,25,1,13
3226,23,1,20
3227,23,1,15
3228,22,0,9
3229,23,0,12
3230,5,0,4
3231,28,1,16
3232,12,1,11
3233,7,0,4
3234,11,0,8
3235,7,0,0
3236,16,0,3
3237,7,0,4
3238,28,0,10
3239,21,1,13
3240,15,0,9
3241,4,0,7
3242,30,0,12
3243,30,0,12
3244,23,0,8
3245,12,1,7
3246,19,1,12
3247,8,0,7
3248,17,0,6
3249,12,0,9
3250,8,0,2
3251,29,1,17
3252,20,0,8
3253,28,0,13
3254,25,1,13
3255,20,1,11
3256,10,0,7
3257,12,0,3
3258,6,0,7
3259,27,0,11
3260,12,0,4
3261,32,0,15
3262,11,0,7
3263,7,1,7
3264,15,1,15
3265,33,1,14
3266,3,0,3
3267,6,0,6
3268,2,0,7
3269,9,1,16
3270,36,0,13
3271,26,1,13
3272,14,1,15
3273,5,0,5
3274,1,0,3
3275,13,0,7
3276,2,0,3
3277,4,0,6
3278,29,1,18
3279,28,0,12
3280,32,0,15
3281,24,1,16
3282,24,0,6
3283,18,0,6
3284,30,0,13
3285,5,0,0
3286,28,1,22
3287,3,0,1
3288,31,1,18
3289,6,0,6
3290,21,0,12
3291,32,1,15
3292,28,0,14
3293,25,0,9
3294,17,1,18
3295,26,1,17
3296,34,1,19
3297,5,0,7
3298,9,0,6
3299,35,1,16
3300,1,0,1
3301,24,0,9
3302,14,1,13
3303,36,0,8
3304,35,1,19
3305,9,0,3
3306,13,0,7
3307,34,1,22
3308,18,1,16
3309,26,0,10
3310,20,1,18
3311,27,1,19
3312,34,0,10
3313,8,0,4
3314,22,0,11
3315,33,0,15
3316,15,1,14
3317,22,0,10
3318,6,0,8
3319,23,1,13
3320,25,0,11
3321,17,0,4
3322,30,1,14
3323,23,1,9
3324,23,1,14
3325,17,1,11
3326,17,0,9
3327,16,0,10
3328,36,1,22
3329,36,1,22
3330,14,1,12
3331,5,0,4
3332,10,0,4
3333,22,1,12
3334,16,0,7
3335,36,1,20
3336,5,0,8
3337,12,0,7
3338,5,0,4
3339,26,0,8
3340,5,0,7
3341,9,0,7
3342,29,0,14
3343,24,0,7
3344,27,0,13
3345,10,0,6
3346,24,1,17
3347,19,0,8
3348,20,0,12
3349,4,0,3
3350,24,0,11
3351,2,0,7
3352,8,0,7
3353,12,0,9
3354,33,1,16
3355,24,1,16
3356,19,0,9
3357,14,0,5
3358,28,1,16
3359,26,0,6
3360,8,0,3
3361,15,0,10
3362,35,1,15
3363,26,0,13
3364,15,0,6
3365,10,1,11
3366,22,0,9
3367,33,1,18
3368,4,0,5
3369,1,0,5
3370,30,0,11
3371,22,1,13
3372,18,1,13
3373,19,1,13
3374,29,0,11
3375,28,0,13
3376,2,0,6
3377,30,0,14
3378,34,1,16
3379,15,0,9
3380,18,0,5
3381,31,1,20
3382,10,0,9
3383,33,1,15
3384,33,1,20
3385,5,0,7
3386,27,1,12
3387,1,0,1
3388,31,0,12
3389,28,1,15
3390,13,0,11
3391,12,0,6
3392,12,0,5
3393,14,0,8
3394,33,0,11
3395,1,0,6
3396,27,1,14
3397,27,0,7
3398,9,0,5
3399,4,0,4
3400,4,0,5
3401,5,0,0
3402,30,1,17
3403,8,1,11
3404,28,1,16
3405,21,1,15
3406,36,1,20
3407,1,1,7
3408,24,0,10
3409,1,0,5
3410,30,0,7
3411,25,0,9
3412,5,0,3
3413,32,1,16
3414,25,0,13
3415,34,1,22
3416,18,0,6
3417,8,0,2
3418,23,1,15
3419,18,1,15
3420,10,1,13
3421,34,0,12
3422,7,0,2
3423,30,1,14
3424,11,0,8
3425,13,0,8
3426,10,0,9
3427,20,1,14
3428,26,0,12
3429,8,0,7
3430,17,0,10
3431,18,0,6
3432,12,0,7
3433,17,0,12
3434,2,0,0
3435,30,1,18
3436,8,0,7
3437,9,0,8
3438,16,1,11
3439,3,0,5
3440,9,0,7
3441,32,1,20
3442,4,0,5
3443,6,0,4
3444,24,1,13
3445,9,1,9
3446,34,1,18
3447,12,0,5
3448,29,0,11
3449,29,0,12
3450,34,0,13
3451,32,1,18
3452,12,0,5
3453,27,1,14
3454,15,0,8
3455,12,0,10
3456,13,0,10
3457,22,0,8
3458,13,0,8
3459,15,1,15
3460,1,0,4
3461,26,0,11
3462,27,1,15
3463,35,1,20
3464,34,1,15
3465,7,0,7
3466,14,1,11
3467,10,0,3
3468,27,0,10
3469,9,0,8
3470,8,0,4
3471,18,1,8
3472,5,0,1
3473,17,0,10
3474,19,0,2
3475,5,0,9
3476,25,1,15
3477,30,1,18
3478,35,0,15
3479,16,0,8
3480,33,0,14
3481,7,0,3
3482,11,0,1
3483,33,1,18
3484,6,0,3
3485,11,0,4
3486,11,0,11
3487,20,0,8
3488,35,1,18
3489,24,1,16
3490,22,0,4
3491,34,1,21
3492,22,0,12
3493,21,0,12
3494,8,1,13
3495,11,0,9
3496,33,1,16
3497,25,0,7
3498,29,1,17
3499,4,0,5
3500,10,0,6
3501,26,1,13
3502,36,1,17
3503,36,1,20
3504,28,0,7
3505,10,0,5
3506,25,1,14
3507,24,1,13
3508,9,0,8
3509,35,0,14
3510,29,0,14
3511,3,1,11
3512,15,0,8
3513,34,1,23
3514,6,0,5
3515,18,0,10
3516,21,0,10
3517,21,0,10
3518,4,0,6
3519,8,0,5
3520,30,0,12
3521,13,0,6
3522,10,0,2
3523,19,0,11
3524,26,0,8
3525,1,0,1
3526,23,0,13
3527,5,0,7
3528,25,1,16
3529,36,1,23
3530,5,0,8
3531,24,0,8
3532,27,1,19
3533,15,1,12
3534,7,0,7
3535,24,1,14
3536,2,1,11
3537,34,1,20
3538,26,0,10
3539,11,0,5
3540,29,0,10
3541,19,0,7
3542,3,0,3
3543,14,1,13
3544,15,0,9
3545,3,0,2
3546,14,0,11
3547,22,1,11
3548,36,1,21
3549,4,0,2
3550,10,0,8
3551,11,0,8
3552,13,1,11
3553,13,0,8
3554,1,0,1
3555,19,0,5
3556,30,1,14
3557,27,1,13
3558,12,0,6
3559,5,0,6
3560,6,0,6
3561,33,1,23
3562,17,0,7
3563,21,0,7
3564,25,0,11
3565,33,1,17
3566,35,1,20
3567,23,0,7
3568,26,0,11
3569,35,1,17
3570,1,0,2
3571,13,0,11
3572,4,1,14
3573,2,0,2
3574,3,0,5
3575,8,0,4
3576,31,1,17
3577,30,1,16
3578,23,1,17
3579,36,0,15
3580,23,0,8
3581,12,1,8
3582,4,0,2
3583,20,1,15
3584,20,0,8
3585,30,1,12
3586,33,0,8
3587,27,0,10
3588,23,0,7
3589,4,0,1
3590,33,0,14
3591,12,0,8
3592,1,0,7
3593,11,0,8
3594,28,1,16
3595,23,0,12
3596,12,1,13
3597,36,1,19
3598,18,0,8
3599,20,0,14
3600,27,1,17
3601,24,0,8
3602,28,0,11
3603,20,1,9
3604,11,0,4
3605,16,0,9
3606,2,0,3
3607,23,0,10
3608,30,0,10
3609,7,0,3
3610,17,0,7
3611,26,1,13
3612,29,1,19
3613,33,0,9
3614,7,0,4
3615,34,1,20
3616,23,1,19
3617,19,0,2
3618,9,0,2
3619,36,1,14
3620,34,0,14
3621,20,0,10
3622,31,0,17
3623,32,0,10
3624,35,1,20
3625,10,0,10
3626,7,0,2
3627,27,1,16
3628,12,1,9
3629,21,1,14
3630,28,0,9
3631,10,1,12
3632,4,0,0
3633,28,1,16
3634,23,1,14
3635,23,1,13
3636,13,1,5
3637,22,1,17
3638,12,0,9
3639,3,1,14
3640,24,0,9
3641,21,1,15
3642,2,0,4
3643,17,0,9
3644,35,1,13
3645,28,1,17
3646,23,0,13
3647,26,0,5
3648,8,0,2
3649,7,1,11
3650,10,0,9
3651,3,0,0
3652,15,0,11
3653,1,0,0
3654,5,0,1
3655,36,0,13
3656,8,0,6
3657,6,1,12
3658,26,1,17
3659,12,0,8
3660,22,0,14
3661,26,0,13
3662,19,0,9
3663,14,0,8
3664,10,0,10
3665,23,0,11
3666,31,0,9
3667,30,0,13
3668,34,0,15
3669,19,0,11
3670,11,0,6
3671,27,1,19
3672,16,0,5
3673,18,1,16
3674,21,1,13
3675,2,0,6
3676,29,1,21
3677,16,0,7
3678,23,1,13
3679,33,1,22
3680,11,0,4
3681,1,1,8
3682,32,0,11
3683,10,0,7
3684,2,0,8
3685,7,0,11
3686,33,1,17
3687,21,0,11
3688,21,1,18
3689,26,0,11
3690,4,0,5
3691,35,1,18
3692,17,0,6
3693,6,0,8
3694,8,1,4
3695,6,0,4
3696,21,0,7
3697,32,1,18
3698,4,1,8
3699,35,1,19
3700,15,1,10
3701,18,0,10
3702,34,0,12
3703,7,1,12
3704,4,0,7
3705,9,0,10
3706,17,0,7
3707,36,1,17
3708,35,0,18
3709,6,0,5
3710,9,0,2
3711,17,0,9
3712,28,1,13
3713,3,0,3
3714,32,1,17
3715,25,1,16
3716,19,0,12
3717,5,0,3
3718,8,0,2
3719,3,0,4
3720,9,1,8
3721,11,1,9
3722,34,0,13
3723,30,1,16
3724,14,0,4
3725,25,0,8
3726,15,1,17
3727,7,0,6
3728,31,1,15
3729,20,1,12
3730,36,1,18
3731,8,0,1
3732,1,0,4
3733,6,1,9
3734,36,1,23
3735,20,1,11
3736,16,0,7
3737,12,0,10
3738,28,1,14
3739,23,1,17
3740,12,0,6
3741,14,0,8
3742,6,1,1
3743,28,1,15
3744,28,0,8
3745,36,0,14
3746,8,0,3
3747,33,0,19
3748,2,0,3
3749,7,0,6
3750,2,1,6
3751,24,1,14
3752,21,0,7
3753,14,0,8
3754,20,1,13
3755,13,0,8
3756,14,1,15
3757,14,1,12
3758,1,0,3
3759,14,0,8
3760,9,0,4
3761,27,1,15
3762,26,1,19
3763,5,0,7
3764,4,0,3
3765,1,0,7
3766,25,1,10
3767,16,1,14
3768,35,1,22
3769,21,0,5
3770,14,0,5
3771,31,1,17
3772,6,0,7
3773,30,0,7
3774,24,0,13
3775,29,0,16
3776,35,0,16
3777,35,1,17
3778,4,0,5
3779,2,0,4
3780,20,0,9
3781,29,0,14
3782,26,0,11
3783,20,0,8
3784,4,0,5
3785,4,0,8
3786,21,0,12
3787,33,0,15
3788,14,1,14
3789,11,0,6
3790,17,1,10
3791,14,1,14
3792,17,0,9
3793,15,0,9
3794,11,1,13
3795,24,0,13
3796,4,0,6
3797,1,0,4
3798,12,0,8
3799,19,0,11
3800,2,0,0
3801,29,1,18
3802,9,0,7
3803,21,0,12
3804,21,0,5
3805,35,1,15
3806,27,1,15
3807,33,1,19
3808,19,0,9
3809,30,1,18
3810,29,0,13
3811,1,0,0
3812,26,0,11
3813,27,0,10
3814,2,0,5
3815,7,0,9
3816,7,0,0
3817,1,0,7
3818,30,1,17
3819,8,0,1
3820,13,0,10
3821,4,0,3
3822,14,1,13
3823,36,1,18
3824,30,0,15
3825,24,0,9
3826,15,0,11
3827,21,0,11
3828,15,0,7
3829,4,0,1
3830,19,0,9
3831,13,1,14
3832,18,0,8
3833,9,0,3
3834,5,0,6
3835,3,1,2
3836,11,0,6
3837,4,0,6
3838,4,0,7
3839,19,1,12
3840,5,0,5
3841,20,0,14
3842,4,0,1
3843,25,0,9
3844,11,1,11
3845,21,0,9
3846,28,1,15
3847,33,1,16
3848,4,0,6
3849,9,0,7
3850,12,0,9
3851,17,1,12
3852,6,0,5
3853,25,1,15
3854,6,0,7
3855,8,0,7
3856,20,1,8
3857,14,0,3
3858,22,1,20
3859,30,0,14
3860,12,0,5
3861,16,0,6
3862,5,0,3
3863,7,0,6
3864,6,0,1
3865,11,0,7
3866,1,0,0
3867,2,0,9
3868,15,0,8
3869,28,1,14
3870,20,1,14
3871,33,1,19
3872,6,0,6
3873,30,1,20
3874,33,1,17
3875,11,0,13
3876,33,1,17
3877,11,0,6
3878,26,1,15
3879,13,1,14
3880,19,1,15
3881,30,1,20
3882,6,0,7
3883,8,0,7
3884,36,1,17
3885,10,0,4
3886,25,0,11
3887,28,1,16
3888,1,0,1
3889,5,0,0
3890,19,1,15
3891,13,0,4
3892,11,1,16
3893,1,0,3
3894,3,0,2
3895,3,0,5
3896,36,1,21
3897,18,1,12
3898,18,0,13
3899,24,1,14
3900,36,0,13
3901,5,0,4
3902,32,1,19
3903,29,0,15
3904,22,0,7
3905,35,1,16
3906,20,1,14
3907,35,1,15
3908,32,1,11
3909,28,1,20
3910,13,0,11
3911,19,0,11
3912,24,0,13
3913,23,0,8
3914,13,0,7
3915,24,0,9
3916,31,1,20
3917,16,0,4
3918,24,1,11
3919,27,1,16
3920,23,1,14
3921,31,0,16
3922,6,0,9
3923,20,1,13
3924,36,1,17
3925,12,0,8
3926,7,0,6
3927,30,1,18
3928,16,1,11
3929,5,0,4
3930,7,0,5
3931,29,1,16
3932,33,1,20
3933,23,0,10
3934,30,0,13
3935,1,0,4
3936,36,1,21
3937,26,1,19
3938,31,1,16
3939,6,1,13
3940,1,0,0
3941,29,1,13
3942,23,1,13
3943,35,0,11
3944,21,0,11
3945,15,0,10
3946,14,0,5
3947,32,1,22
3948,15,0,5
3949,21,1,7
3950,31,1,20
3951,13,0,4
3952,9,0,4
3953,27,1,17
3954,15,0,3
3955,13,0,4
3956,30,1,13
3957,20,0,8
3958,33,1,18
3959,35,1,15
3960,25,0,10
3961,34,1,17
3962,23,0,11
3963,12,1,11
3964,9,0,2
3965,28,1,18
3966,14,0,7
3967,12,0,11
3968,21,0,11
3969,31,0,13
3970,35,1,19
3971,33,1,12
3972,33,0,14
3973,23,0,9
3974,29,1,17
3975,20,0,7
3976,5,0,4
3977,32,1,19
3978,25,1,17
3979,32,1,17
3980,23,0,10
3981,19,0,12
3982,18,1,12
3983,5,0,1
3984,7,0,3
3985,21,0,13
3986,7,0,8
3987,33,1,18
3988,9,1,15
3989,2,0,4
3990,22,1,13
3991,13,0,7
3992,10,0,8
3993,8,1,10
3994,29,1,18
3995,22,0,8
3996,5,0,4
3997,24,1,15
3998,7,1,9
3999,10,0,4
4000,21,0,9
4001,25,0,13
4002,29,0,11
4003,6,1,9
4004,12,0,5
4005,17,0,8
4006,12,1,12
4007,22,1,16
4008,24,0,7
4009,22,1,16
4010,20,1,12
4011,6,0,6
4012,26,1,17
4013,15,0,7
4014,20,0,8
4015,11,0,8
4016,25,1,15
4017,17,0,3
4018,25,1,18
4019,12,0,11
4020,11,0,9
4021,22,1,19
4022,15,0,8
4023,14,1,9
4024,36,0,16
4025,11,0,9
4026,33,1,15
4027,16,0,3
4028,19,0,11
4029,35,0,12
4030,29,1,16
4031,15,0,8
4032,32,1,19
4033,30,1,21
4034,32,1,18
4035,13,0,10
4036,32,1,16
4037,12,0,5
4038,34,0,17
4039,31,1,20
4040,33,1,21
4041,32,1,20
4042,27,1,16
4043,2,0,3
4044,14,0,9
4045,19,1,13
4046,23,0,8
4047,25,0,7
4048,12,0,4
4049,8,1,9
4050,3,0,6
4051,25,0,11
4052,12,0,9
4053,4,0,7
4054,5,0,5
4055,3,0,3
4056,21,0,6
4057,36,0,12
4058,7,0,4
4059,35,0,14
4060,14,0,10
4061,23,1,12
4062,2,0,2
4063,29,0,15
4064,1,1,12
4065,3,0,4
4066,12,0,9
4067,20,0,9
4068,31,0,12
4069,16,0,8
4070,8,0,7
4071,11,0,8
4072,12,0,5
4073,26,0,8
4074,16,0,8
4075,30,1,21
4076,31,0,11
4077,36,0,16
4078,9,0,5
4079,34,0,12
4080,36,1,22
4081,26,0,10
4082,22,0,6
4083,11,0,6
4084,7,0,5
4085,20,1,20
4086,34,1,21
4087,12,0,8
4088,4,0,0
4089,8,0,3
4090,21,1,17
4091,36,1,16
4092,6,0,4
4093,24,1,19
4094,3,1,5
4095,8,0,7
4096,1,0,1
4097,26,1,18
4098,14,0,10
4099,1,0,5
4100,6,0,7
4101,12,1,9
4102,26,0,15
4103,31,0,11
4104,10,0,4
4105,15,0,8
4106,14,1,12
4107,26,1,17
4108,16,0,9
4109,31,1,15
4110,21,1,14
4111,8,1,11
4112,4,1,13
4113,30,1,19
4114,36,1,16
4115,19,0,8
4116,25,0,8
4117,23,0,13
4118,11,0,6
4119,16,1,10
4120,29,0,13
4121,18,0,7
4122,30,0,12
4123,12,0,7
4124,8,1,12
4125,22,1,14
4126,35,1,23
4127,8,0,7
4128,10,0,3
4129,3,0,1
4130,18,0,8
4131,23,0,9
4132,24,0,8
4133,36,0,12
4134,21,1,16
4135,11,0,6
4136,1,0,5
4137,36,0,15
4138,8,0,7
4139,21,1,16
4140,6,0,6
4141,25,1,13
4142,15,0,6
4143,23,1,17
4144,8,0,3
4145,9,0,7
4146,5,1,7
4147,10,0,3
4148,8,0,3
4149,22,1,13
4150,7,0,6
4151,17,1,15
4152,3,0,3
4153,16,0,5
4154,1,0,1
4155,22,0,9
4156,34,0,10
4157,20,1,12
4158,10,0,4
4159,15,0,10
4160,8,0,4
4161,10,1,12
4162,9,0,3
4163,10,0,6
4164,20,0,12
4165,17,0,6
4166,32,1,16
4167,34,1,18
4168,15,0,9
4169,36,1,19
4170,4,0,5
4171,8,0,4
4172,16,0,10
4173,1,0,4
4174,33,0,15
4175,15,0,10
4176,12,0,7
4177,26,0,13
4178,29,1,16
4179,21,0,7
4180,20,0,12
4181,21,0,9
4182,21,0,12
4183,25,0,12
4184,23,1,11
4185,32,0,12
4186,18,0,7
4187,34,1,12
4188,28,0,12
4189,12,1,12
4190,14,0,5
4191,9,0,7
4192,17,0,5
4193,15,0,10
4194,24,0,13
4195,1,0,4
4196,16,0,12
4197,6,0,10
4198,17,0,8
4199,12,0,10
4200,30,1,17
4201,23,1,14
4202,34,1,14
4203,32,0,12
4204,11,0,8
4205,25,0,8
4206,18,0,4
4207,18,0,6
4208,18,0,10
4209,36,1,18
4210,25,0,9
4211,18,0,8
4212,32,1,19
4213,9,1,8
4214,22,0,8
4215,13,0,3
4216,7,0,8
4217,35,1,16
4218,17,0,10
4219,14,0,6
4220,23,0,12
4221,14,1,15
4222,1,0,5
4223,14,0,8
4224,18,0,5
4225,10,0,6
4226,1,0,1
4227,32,1,19
4228,23,1,16
4229,28,0,9
4230,36,1,14
4231,6,0,4
4232,13,0,4
4233,12,0,6
4234,7,1,6
4235,5,0,1
4236,35,1,16
4237,15,1,11
4238,12,0,6
4239,1,0,5
4240,22,1,8
4241,35,1,17
4242,29,1,15
4243,3,0,9
4244,22,0,10
4245,12,0,8
4246,31,1,17
4247,3,0,2
4248,21,0,10
4249,9,0,6
4250,34,1,17
4251,18,0,10
4252,29,1,19
4253,11,1,10
4254,10,1,14
4255,22,0,7
4256,33,1,15
4257,17,0,9
4258,17,0,10
4259,10,0,6
4260,17,0,7
4261,6,0,4
4262,16,1,9
4263,23,0,11
4264,27,0,5
4265,12,0,2
4266,2,0,0
4267,22,1,18
4268,27,0,7
4269,7,0,1
4270,8,0,0
4271,3,0,7
4272,23,1,14
4273,28,0,10
4274,29,1,19
4275,14,1,10
4276,4,0,5
4277,23,0,16
4278,22,1,16
4279,36,1,22
4280,5,0,5
4281,23,0,13
4282,33,0,18
4283,1,0,4
4284,8,0,5
4285,11,0,7
4286,32,1,18
4287,6,0,2
4288,30,1,18
4289,5,0,0
4290,27,1,15
4291,3,0,4
4292,30,0,6
4293,4,1,8
4294,8,0,2
4295,4,0,10
4296,2,0,0
4297,30,1,19
4298,28,0,10
4299,14,0,7
4300,30,0,12
4301,22,1,14
4302,34,1,19
4303,13,0,9
4304,4,0,4
4305,19,0,8
4306,3,0,5
4307,20,0,10
4308,26,1,17
4309,7,0,6
4310,3,0,1
4311,36,1,18
4312,5,0,1
4313,35,0,18
4314,12,0,6
4315,6,0,7
4316,34,0,11
4317,6,0,4
4318,20,0,9
4319,16,0,5
4320,24,0,10
4321,29,1,17
4322,13,0,8
4323,36,1,17
4324,8,0,6
4325,12,1,12
4326,7,0,7
4327,8,1,11
4328,24,1,11
4329,24,1,14
4330,30,1,19
4331,7,1,10
4332,23,1,14
4333,36,1,16
4334,12,0,6
4335,21,0,8
4336,3,0,4
4337,20,0,5
4338,2,0,7
4339,20,1,11
4340,16,0,6
4341,8,0,6
4342,19,0,6
4343,20,0,10
4344,6,0,4
4345,30,1,15
4346,18,1,11
4347,29,1,19
4348,30,0,14
4349,1,0,6
4350,21,1,18
4351,11,0,2
4352,19,0,9
4353,26,0,10
4354,14,1,17
4355,36,1,17
4356,35,0,16
4357,27,1,10
4358,12,0,5
4359,14,0,10
4360,22,0,9
4361,24,1,17
4362,15,0,11
4363,31,1,18
4364,7,0,7
4365,24,0,9
4366,34,1,17
4367,13,0,5
4368,34,1,17
4369,7,0,3
4370,6,0,0
4371,8,0,7
4372,24,1,12
4373,23,0,8
4374,17,0,3
4375,28,1,15
4376,27,0,12
4377,34,1,17
4378,26,0,14
4379,16,0,7
4380,20,0,8
4381,24,1,12
4382,2,0,5
4383,26,1,13
4384,3,0,3
4385,9,0,8
4386,26,1,19
4387,17,0,11
4388,9,0,4
4389,34,1,22
4390,13,0,7
4391,18,0,7
4392,3,0,7
4393,6,0,2
4394,16,1,14
4395,26,1,14
4396,11,1,13
4397,27,1,19
4398,33,1,15
4399,5,0,7
4400,5,0,4
4401,9,0,5
4402,5,0,5
4403,28,0,12
4404,6,0,8
4405,20,0,3
4406,9,0,4
4407,20,0,11
4408,9,0,8
4409,8,0,8
4410,5,0,0
4411,17,1,16
4412,11,1,13
4413,2,1,9
4414,22,1,16
4415,16,0,9
4416,3,1,6
4417,28,1,16
4418,36,1,20
4419,31,0,12
4420,25,0,14
4421,4,0,1
4422,10,0,7
4423,6,0,10
4424,15,0,5
4425,15,0,7
4426,31,1,19
4427,26,1,16
4428,28,1,20
4429,33,1,16
4430,14,0,2
4431,12,1,15
4432,32,1,19
4433,3,0,2
4434,9,0,6
4435,31,0,14
4436,12,1,13
4437,22,1,12
4438,24,0,9
4439,4,0,6
4440,34,1,18
4441,8,0,5
4442,14,0,6
4443,15,0,12
4444,11,0,4
4445,17,1,13
4446,8,0,4
4447,1,1,10
4448,34,1,18
4449,20,0,9
4450,5,0,6
4451,7,0,8
4452,25,1,14
4453,26,1,16
4454,15,1,12
4455,20,0,9
4456,13,0,9
4457,14,1,11
4458,15,0,10
4459,19,1,15
4460,24,0,16
4461,11,1,12
4462,20,0,7
4463,27,0,12
4464,5,0,4
4465,7,0,4
4466,29,1,17
4467,8,0,6
4468,28,1,13
4469,10,1,10
4470,28,0,7
4471,9,1,16
4472,5,1,10
4473,7,0,6
4474,6,0,7
4475,20,0,10
4476,19,0,7
4477,4,0,6
4478,33,1,19
4479,11,0,4
4480,17,0,9
4481,33,0,14
4482,15,0,4
4483,3,0,2
4484,8,0,7
4485,36,0,13
4486,11,0,8
4487,24,1,15
4488,3,0,6
4489,21,1,16
4490,4,0,3
4491,13,0,6
4492,32,1,14
4493,35,1,19
4494,11,0,6
4495,34,1,15
4496,31,0,10
4497,36,1,21
4498,23,1,18
4499,2,0,6
4500,33,0,10
4501,33,1,19
4502,26,0,16
4503,2,1,7
4504,16,1,13
4505,23,0,8
4506,13,0,12
4507,12,0,6
4508,3,0,7
4509,35,1,15
4510,22,1,7
4511,8,0,5
4512,22,1,12
4513,36,1,17
4514,11,1,14
4515,17,0,13
4516,6,0,8
4517,24,1,19
4518,4,1,9
4519,12,0,6
4520,8,0,6
4521,20,0,6
4522,6,0,5
4523,13,0,6
4524,27,0,13
4525,31,0,10
4526,24,0,9
4527,16,1,10
4528,17,0,9
4529,31,0,13
4530,7,0,9
4531,14,0,8
4532,11,0,3
4533,32,0,14
4534,31,0,8
4535,19,1,14
4536,16,0,11
4537,6,0,3
4538,19,0,8
4539,29,1,15
4540,15,0,7
4541,27,1,18
4542,15,0,7
4543,16,1,17
4544,6,0,8
4545,24,0,9
4546,34,0,10
4547,6,0,8
4548,24,1,16
4549,12,0,3
4550,20,0,10
4551,20,0,9
4552,21,0,10
4553,20,0,5
4554,17,0,5
4555,4,0,7
4556,8,0,3
4557,14,0,9
4558,33,1,17
4559,5,1,14
4560,35,0,17
4561,23,1,17
4562,26,1,18
4563,22,0,10
4564,1,0,0
4565,5,0,6
4566,12,0,10
4567,5,0,6
4568,8,0,6
4569,14,0,4
4570,10,1,9
4571,22,0,9
4572,28,1,17
4573,29,1,18
4574,23,1,15
4575,25,0,15
4576,22,0,13
4577,26,0,11
4578,5,1,12
4579,27,1,16
4580,4,0,9
4581,11,0,3
4582,22,0,6
4583,31,0,11
4584,3,0,2
4585,29,1,13
4586,5,0,4
4587,34,0,15
4588,7,0,5
4589,4,0,3
4590,34,1,18
4591,12,0,6
4592,1,0,3
4593,4,0,9
4594,8,0,5
4595,9,1,11
4596,15,0,10
4597,7,0,5
4598,25,0,9
4599,1,0,0
4600,32,0,11
4601,16,0,11
4602,24,1,17
4603,16,0,7
4604,26,0,13
4605,27,0,8
4606,1,0,5
4607,36,0,11
4608,14,0,10
4609,33,1,18
4610,5,0,4
4611,16,0,12
4612,25,0,10
4613,9,1,12
4614,30,0,16
4615,4,1,13
4616,35,1,16
4617,29,0,14
4618,7,0,11
4619,14,0,3
4620,6,0,2
4621,12,0,9
4622,23,0,8
4623,25,1,15
4624,7,0,11
4625,15,0,9
4626,10,0,9
4627,13,0,9
4628,34,1,20
4629,36,1,20
4630,25,1,19
4631,2,0,0
4632,34,0,16
4633,11,0,0
4634,13,0,5
4635,11,0,8
4636,7,0,8
4637,36,1,20
4638,31,1,17
4639,35,1,22
4640,9,0,7
4641,29,0,14
4642,24,1,16
4643,29,1,16
4644,29,1,14
4645,26,0,13
4646,5,0,3
4647,24,1,17
4648,3,0,5
4649,10,0,8
4650,1,0,0
4651,1,0,7
4652,16,1,12
4653,11,0,9
4654,12,0,7
4655,8,0,4
4656,15,0,3
4657,22,0,11
4658,11,0,9
4659,27,1,16
4660,13,0,3
4661,16,0,6
4662,4,0,8
4663,2,0,5
4664,8,0,9
4665,10,0,7
4666,13,0,9
4667,10,0,5
4668,10,0,7
4669,36,1,15
4670,20,0,6
4671,28,1,13
4672,1,0,0
4673,27,0,12
4674,11,1,12
4675,26,1,21
4676,2,0,3
4677,9,0,3
4678,20,1,16
4679,8,1,10
4680,20,0,9
4681,35,1,16
4682,25,0,10
4683,3,0,5
4684,24,1,19
4685,6,0,6
4686,7,1,9
4687,11,0,4
4688,18,0,12
4689,31,1,20
4690,13,0,9
4691,2,0,5
4692,3,0,5
4693,33,0,9
4694,25,1,18
4695,26,1,15
4696,4,0,4
4697,7,0,5
4698,17,0,8
4699,31,1,20
4700,7,1,14
4701,22,0,9
4702,22,1,16
4703,3,0,0
4704,29,0,9
4705,33,1,21
4706,18,0,7
4707,13,1,15
4708,30,1,21
4709,22,0,9
4710,25,0,10
4711,29,1,17
4712,4,0,4
4713,9,0,2
4714,1,0,0
4715,31,1,20
4716,5,0,5
4717,15,1,8
4718,6,0,2
4719,3,0,4
4720,22,1,16
4721,36,1,17
4722,34,1,18
4723,35,1,18
4724,3,0,2
4725,16,1,9
4726,23,0,6
4727,36,0,15
4728,5,0,8
4729,22,0,7
4730,15,0,9
4731,15,0,5
4732,34,1,15
4733,35,1,20
4734,22,1,18
4735,27,1,19
4736,11,0,5
4737,12,0,2
4738,9,1,11
4739,21,0,9
4740,17,0,7
4741,35,1,17
4742,1,0,6
4743,33,0,14
4744,29,1,19
4745,4,0,5
4746,1,0,7
4747,16,0,5
4748,30,0,13
4749,17,1,16
4750,13,0,4
4751,14,0,7
4752,12,0,10
4753,14,0,9
4754,3,0,9
4755,5,1,6
4756,21,0,7
4757,5,1,8
4758,6,0,7
4759,15,0,5
4760,6,0,0
4761,11,0,6
4762,6,0,6
4763,2,0,7
4764,1,0,3
4765,26,0,14
4766,4,0,6
4767,32,1,18
4768,13,0,2
4769,20,1,15
4770,7,0,9
4771,30,0,13
4772,30,0,15
4773,30,0,11
4774,26,0,10
4775,21,0,9
4776,1,0,4
4777,33,0,12
4778,27,1,16
4779,24,1,22
4780,4,0,5
4781,4,0,2
4782,12,0,11
4783,22,1,19
4784,3,0,3
4785,28,1,11
4786,31,1,19
4787,15,1,19
4788,28,0,13
4789,32,0,14
4790,19,0,9
4791,33,0,12
4792,10,0,9
4793,8,0,0
4794,14,0,13
4795,9,0,7
4796,35,1,16
4797,19,0,9
4798,30,0,7
4799,21,0,8
4800,22,1,19
4801,7,0,7
4802,35,1,16
4803,6,1,5
4804,27,1,13
4805,7,1,9
4806,21,0,15
4807,20,1,21
4808,3,1,8
4809,35,0,13
4810,13,1,10
4811,6,0,4
4812,36,1,17
4813,7,0,4
4814,35,1,22
4815,32,0,13
4816,10,0,5
4817,34,1,13
4818,5,1,9
4819,4,0,3
4820,26,0,13
4821,1,0,2
4822,36,1,19
4823,8,0,5
4824,27,0,15
4825,16,0,13
4826,16,0,12
4827,4,0,4
4828,26,1,16
4829,13,0,3
4830,34,1,14
4831,28,1,15
4832,12,1,12
4833,25,0,10
4834,18,0,7
4835,30,1,20
4836,22,0,14
4837,16,1,14
4838,36,1,20
4839,15,0,6
4840,29,0,8
4841,36,1,22
4842,9,0,6
4843,21,1,19
4844,11,0,10
4845,3,0,8
4846,1,0,0
4847,21,0,9
4848,15,0,7
4849,33,1,18
4850,7,0,3
4851,33,1,19
4852,15,0,6
4853,24,1,13
4854,4,0,3
4855,17,0,7
4856,10,1,13
4857,2,0,4
4858,24,0,11
4859,15,0,7
4860,3,0,6
4861,21,1,15
4862,28,1,19
4863,35,1,22
4864,33,1,19
4865,36,1,17
4866,30,1,21
4867,6,0,8
4868,17,1,16
4869,32,1,21
4870,18,0,11
4871,8,0,8
4872,8,0,8
4873,22,1,17
4874,15,0,3
4875,5,0,2
4876,24,0,10
4877,16,0,10
4878,4,0,2
4879,18,1,10
4880,5,0,4
4881,23,0,14
4882,34,0,16
4883,20,1,14
4884,18,1,16
4885,13,1,12
4886,21,1,22
4887,23,1,17
4888,3,0,5
4889,27,1,15
4890,12,0,7
4891,8,0,7
4892,10,0,4
4893,19,1,14
4894,24,0,13
4895,13,0,6
4896,30,0,11
4897,24,0,13
4898,24,0,8
4899,8,0,8
4900,4,0,3
4901,18,0,7
4902,26,0,7
4903,16,0,5
4904,3,0,3
4905,28,1,21
4906,27,0,13
4907,30,0,13
4908,1,0,5
4909,26,0,10
4910,30,0,8
4911,9,0,7
4912,27,1,17
4913,31,1,19
4914,25,0,11
4915,24,0,9
4916,1,0,3
4917,4,0,4
4918,3,0,6
4919,19,0,13
4920,3,0,8
4921,31,0,13
4922,36,1,18
4923,32,1,16
4924,33,1,25
4925,32,0,10
4926,28,0,13
4927,17,1,13
4928,28,1,19
4929,7,0,3
4930,24,1,16
4931,31,1,13
4932,9,0,6
4933,17,0,7
4934,31,0,16
4935,12,0,5
4936,23,0,9
4937,7,0,6
4938,9,0,8
4939,4,0,9
4940,21,0,11
4941,32,1,16
4942,16,0,6
4943,32,1,14
4944,9,0,11
4945,26,1,16
4946,9,0,6
4947,7,0,8
4948,21,0,5
4949,8,0,4
4950,34,1,16
4951,2,0,6
4952,35,0,13
4953,28,1,15
4954,6,0,1
4955,21,1,14
4956,9,0,4
4957,2,0,6
4958,14,0,9
4959,25,0,8
4960,12,0,2
4961,26,0,2
4962,36,0,15
4963,36,0,15
4964,33,1,17
4965,13,1,12
4966,1,0,1
4967,4,0,2
4968,8,0,5
4969,31,0,10
4970,22,1,19
4971,30,1,18
4972,25,0,8
4973,26,1,12
4974,33,0,11
4975,10,0,8
4976,11,1,9
4977,4,0,2
4978,10,1,12
4979,35,0,11
4980,27,1,14
4981,2,0,2
4982,9,0,7
4983,12,0,6
4984,8,0,4
4985,6,0,12
4986,17,0,7
4987,22,1,9
4988,11,1,13
4989,29,0,10
4990,34,1,14
4991,24,0,7
4992,30,1,17
4993,22,0,10
4994,5,0,6
4995,25,0,10
4996,10,0,13
4997,8,0,4
4998,20,0,7
4999,4,0,6
5000,14,0,6
5001,28,1,17
5002,16,0,13
5003,2,0,3
5004,33,1,18
5005,27,0,13
5006,6,0,4
5007,1,0,6
5008,36,1,19
5009,15,0,9
5010,13,0,8
5011,13,1,12
5012,9,0,6
5013,27,0,10
5014,36,0,12
5015,1,0,3
5016,8,0,0
5017,11,0,10
5018,22,0,8
5019,25,0,11
5020,9,0,9
5021,28,0,12
5022,1,0,0
5023,28,1,19
5024,16,1,12
5025,23,0,13
5026,2,1,12
5027,21,1,15
5028,23,0,11
5029,34,0,12
5030,14,0,7
5031,36,1,16
5032,24,0,8
5033,6,0,6
5034,15,0,13
5035,17,0,12
5036,31,0,17
5037,25,1,17
5038,14,0,9
5039,23,0,13
5040,10,0,4
5041,16,0,7
5042,15,0,8
5043,3,0,0
5044,19,0,13
5045,1,0,0
5046,5,0,5
5047,14,0,10
5048,5,0,5
5049,28,0,9
5050,18,0,6
5051,28,1,22
5052,11,0,2
5053,19,0,9
5054,20,0,6
5055,16,0,1
5056,28,1,19
5057,16,0,16
5058,2,0,5
5059,26,0,8
5060,22,0,9
5061,30,0,9
5062,14,1,9
5063,27,1,21
5064,16,1,12
5065,33,1,21
5066,15,0,2
5067,22,0,12
5068,22,0,9
5069,31,0,14
5070,8,0,0
5071,1,0,6
5072,26,0,8
5073,7,0,12
5074,14,0,1
5075,35,1,20
5076,29,0,9
5077,10,0,4
5078,6,0,2
5079,29,0,13
5080,36,1,18
5081,31,0,9
5082,24,0,8
5083,11,0,4
5084,8,0,3
5085,2,0,2
5086,33,1,18
5087,4,0,9
5088,32,1,22
5089,6,1,8
5090,25,0,9
5091,5,0,7
5092,34,0,14
5093,33,1,18
5094,31,1,19
5095,21,0,8
5096,32,1,15
5097,33,1,17
5098,35,1,19
5099,31,1,15
5100,19,0,9
5101,18,0,5
5102,18,0,8
5103,33,1,17
5104,34,0,13
5105,1,0,4
5106,1,0,5
5107,7,0,6
5108,26,0,8
5109,22,1,19
5110,28,0,9
5111,7,0,4
5112,20,0,13
5113,16,1,11
5114,36,1,18
5115,8,0,10
5116,28,0,15
5117,11,1,11
5118,24,1,20
5119,2,0,1
5120,14,1,12
5121,12,0,7
5122,27,0,9
5123,22,0,12
5124,34,0,15
5125,12,0,7
5126,22,1,10
5127,31,0,15
5128,26,0,11
5129,35,1,17
5130,18,1,9
5131,13,1,18
5132,12,1,13
5133,36,1,14
5134,22,0,5
5135,32,1,15
5136,27,1,15
5137,12,0,9
5138,9,0,11
5139,35,1,20
5140,4,0,5
5141,29,0,15
5142,20,1,15
5143,5,0,5
5144,31,0,17
5145,28,1,15
5146,15,1,12
5147,18,0,10
5148,30,0,12
5149,23,1,15
5150,1,0,7
5151,10,0,8
5152,27,0,10
5153,31,1,18
5154,16,0,5
5155,21,1,10
5156,13,0,9
5157,35,1,16
5158,1,0,5
5159,29,0,8
5160,17,1,14
5161,30,1,18
5162,27,0,13
5163,16,0,10
5164,29,0,10
5165,3,0,0
5166,1,0,1
5167,17,1,14
5168,10,0,3
5169,26,1,16
5170,36,1,18
5171,10,0,5
5172,8,0,4
5173,34,1,17
5174,33,1,16
5175,10,1,12
5176,11,0,7
5177,9,0,4
5178,17,0,7
5179,33,0,9
5180,22,1,13
5181,3,0,6
5182,33,1,15
5183,31,1,19
5184,26,1,14
5185,10,0,4
5186,8,0,8
5187,27,0,11
5188,12,1,11
5189,18,0,8
5190,24,0,13
5191,4,0,2
5192,8,0,2
5193,2,0,0
5194,18,0,15
5195,3,0,4
5196,8,0,7
5197,7,0,7
5198,15,1,16
5199,6,0,5
5200,21,0,7
5201,36,1,17
5202,28,1,16
5203,22,1,17
5204,10,0,6
5205,3,0,5
5206,10,0,3
5207,10,0,3
5208,17,0,8
5209,8,0,9
5210,24,1,18
5211,17,0,6
5212,12,1,10
5213,7,0,2
5214,6,0,9
5215,6,1,7
5216,5,0,6
5217,2,0,0
5218,19,0,8
5219,19,0,8
5220,1,0,3
5221,15,1,10
5222,17,1,10
5223,2,0,4
5224,30,0,15
5225,23,0,8
5226,27,0,13
5227,33,1,21
5228,7,0,2
5229,18,0,5
5230,14,0,4
5231,11,1,10
5232,23,0,13
5233,18,0,8
5234,11,1,12
5235,10,0,2
5236,15,0,5
5237,13,0,7
5238,8,0,5
5239,1,0,2
5240,13,0,9
5241,2,0,2
5242,3,0,9
5243,10,1,14
5244,15,0,6
5245,16,0,7
5246,19,1,13
5247,18,0,5
5248,35,0,13
5249,35,1,24
5250,19,0,7
5251,13,0,7
5252,35,0,16
5253,5,0,5
5254,5,1,9
5255,32,0,7
5256,13,0,2
5257,8,0,2
5258,32,1,18
5259,36,0,16
5260,3,0,4
5261,15,0,9
5262,35,1,16
5263,24,0,9
5264,27,1,14
5265,7,1,11
5266,19,1,18
5267,22,0,6
5268,5,0,6
5269,12,0,5
5270,11,1,11
5271,15,0,13
5272,31,1,20
5273,18,0,11
5274,13,0,8
5275,15,0,8
5276,25,1,12
5277,27,0,12
5278,17,0,9
5279,12,0,8
5280,26,0,11
5281,36,0,14
5282,29,1,19
5283,26,1,19
5284,15,1,14
5285,2,0,6
5286,19,0,9
5287,11,0,3
5288,7,0,8
5289,21,0,11
5290,36,1,18
5291,5,0,1
5292,7,0,2
5293,29,0,13
5294,30,1,14
5295,34,1,20
5296,20,1,15
5297,1,0,8
5298,22,0,12
5299,28,1,20
5300,28,1,11
5301,11,0,10
5302,22,0,7
5303,32,0,11
5304,27,1,21
5305,33,1,15
5306,14,0,6
5307,18,1,12
5308,29,1,18
5309,26,0,10
5310,26,1,19
5311,27,0,5
5312,2,0,7
5313,21,0,11
5314,8,1,15
5315,12,0,5
5316,15,1,14
5317,18,0,11
5318,8,1,6
5319,35,0,13
5320,36,0,13
5321,2,0,3
5322,10,0,5
5323,18,0,7
5324,3,0,4
5325,15,0,5
5326,19,0,4
5327,5,0,7
5328,9,1,8
5329,7,0,9
5330,36,1,13
5331,14,1,17
5332,17,0,9
5333,29,1,16
5334,29,1,14
5335,4,0,5
5336,18,0,9
5337,33,1,19
5338,30,1,19
5339,17,0,11
5340,13,0,11
5341,36,1,18
5342,16,0,6
5343,22,0,9
5344,34,1,21
5345,23,1,16
5346,24,1,14
5347,30,0,13
5348,16,1,13
5349,35,1,19
5350,17,0,6
5351,3,0,4
5352,21,1,18
5353,20,0,8
5354,14,0,7
5355,32,0,8
5356,31,1,19
5357,23,0,12
5358,32,1,20
5359,20,1,16
5360,20,1,12
5361,35,0,13
5362,29,0,17
5363,19,0,5
5364,2,0,9
5365,28,1,14
5366,5,0,4
5367,7,0,2
5368,3,0,1
5369,21,0,13
5370,2,0,1
5371,14,0,6
5372,18,0,9
5373,15,0,9
5374,3,0,3
5375,9,1,12
5376,1,0,4
5377,21,0,5
5378,4,0,4
5379,17,1,14
5380,27,1,11
5381,31,1,16
5382,14,0,11
5383,10,0,6
5384,10,0,2
5385,15,0,8
5386,21,0,12
5387,2,0,1
5388,11,0,7
5389,10,0,11
5390,1,0,4
5391,9,0,9
5392,7,0,6
5393,20,0,11
5394,17,1,8
5395,22,1,12
5396,29,1,16
5397,3,0,6
5398,28,0,14
5399,2,0,8
5400,35,1,19
5401,30,0,16
5402,19,1,19
5403,10,0,7
5404,2,0,3
5405,1,0,5
5406,4,0,4
5407,13,0,5
5408,4,0,10
5409,20,1,15
5410,10,0,10
5411,15,0,3
5412,6,0,7
5413,29,1,19
5414,31,0,12
5415,36,1,21
5416,24,1,20
5417,17,0,7
5418,24,1,14
5419,23,0,13
5420,29,1,20
5421,15,0,10
5422,28,1,15
5423,11,1,11
5424,32,1,15
5425,13,1,11
5426,15,0,9
5427,3,0,0
5428,6,0,2
5429,20,0,14
5430,13,1,15
5431,6,0,7
5432,33,1,17
5433,12,0,8
5434,7,0,4
5435,18,0,3
5436,10,0,4
5437,36,0,17
5438,30,1,23
5439,12,1,18
5440,31,1,18
5441,6,1,11
5442,15,0,5
5443,1,0,3
5444,16,1,13
5445,23,1,17
5446,16,0,9
5447,23,1,20
5448,22,1,15
5449,12,0,2
5450,26,0,11
5451,14,0,5
5452,21,1,19
5453,19,0,12
5454,22,0,16
5455,19,0,9
5456,27,1,15
5457,19,1,13
5458,22,0,11
5459,12,0,8
5460,19,0,9
5461,8,0,3
5462,21,0,9
5463,2,0,7
5464,2,0,1
5465,25,0,12
5466,13,0,7
5467,10,1,13
5468,27,0,8
5469,3,0,3
5470,31,0,8
5471,23,0,5
5472,7,0,4
5473,7,0,6
5474,4,0,6
5475,36,0,13
5476,2,0,6
5477,16,0,6
5478,34,0,10
5479,32,0,10
5480,20,0,11
5481,10,1,13
5482,21,1,13
5483,14,0,4
5484,6,0,8
5485,1,0,0
5486,33,0,11
5487,30,1,17
5488,6,0,5
5489,9,1,10
5490,21,1,13
5491,33,1,18
5492,30,1,15
5493,8,1,9
5494,15,0,8
5495,22,1,15
5496,22,0,10
5497,30,1,16
5498,16,0,10
5499,13,0,8
5500,11,0,11
5501,20,0,7
5502,19,0,9
5503,17,0,10
5504,27,0,12
5505,12,0,4
5506,5,0,5
5507,6,0,6
5508,34,0,11
5509,34,0,15
5510,31,0,12
5511,30,0,8
5512,25,0,13
5513,13,1,14
5514,4,0,5
5515,25,1,20
5516,16,1,11
5517,26,0,5
5518,18,0,7
5519,25,0,13
5520,10,1,8
5521,20,0,9
5522,13,0,7
5523,7,0,8
5524,13,0,7
5525,14,0,7
5526,15,0,12
5527,1,0,4
5528,25,0,11
5529,23,0,12
5530,4,0,1
5531,28,0,8
5532,22,0,12
5533,19,0,4
5534,16,0,8
5535,25,0,13
5536,7,0,6
5537,6,0,3
5538,23,0,5
5539,13,0,7
5540,28,0,11
5541,3,0,5
5542,20,0,10
5543,13,0,11
5544,18,0,9
5545,8,0,7
5546,32,1,16
5547,31,1,17
5548,32,1,19
5549,30,1,15
5550,7,0,2
5551,17,0,6
5552,12,0,8
5553,21,1,11
5554,25,0,10
5555,8,0,9
5556,7,0,4
5557,36,0,13
5558,9,0,5
5559,15,1,10
5560,36,1,18
5561,1,1,7
5562,5,0,7
5563,33,0,14
5564,26,1,22
5565,27,1,17
5566,8,1,7
5567,8,0,10
5568,11,0,5
5569,9,0,7
5570,7,0,4
5571,21,0,11
5572,32,0,12
5573,21,1,10
5574,6,0,5
5575,8,1,8
5576,28,1,16
5577,30,0,13
5578,33,1,18
5579,32,0,12
5580,11,0,5
5581,3,0,8
5582,22,1,20
5583,35,0,14
5584,35,1,19
5585,6,0,7
5586,8,0,0
5587,28,0,9
5588,19,1,13
5589,36,1,20
5590,29,0,14
5591,15,0,9
5592,19,0,10
5593,8,0,12
5594,25,1,16
5595,15,0,6
5596,33,1,15
5597,25,1,15
5598,36,1,17
5599,8,0,4
5600,14,0,2
5601,35,0,11
5602,29,0,13
5603,28,1,15
5604,7,0,2
5605,28,0,8
5606,21,0,9
5607,22,1,14
5608,18,1,7
5609,14,0,6
5610,13,0,8
5611,22,1,13
5612,35,0,13
5613,21,1,14
5614,19,0,8
5615,12,0,8
5616,13,0,6
5617,23,1,15
5618,7,0,6
5619,32,1,19
5620,21,1,17
5621,25,0,11
5622,3,0,2
5623,25,0,13
5624,36,0,12
5625,35,1,14
5626,14,0,8
5627,25,0,13
5628,24,0,11
5629,3,0,10
5630,14,0,12
5631,15,0,7
5632,18,0,5
5633,4,0,8
5634,9,0,6
5635,9,0,5
5636,24,0,9
5637,22,0,10
5638,12,0,6
5639,21,0,10
5640,8,0,5
5641,27,1,17
5642,9,0,5
5643,11,0,3
5644,26,1,19
5645,13,0,4
5646,31,0,11
5647,33,0,12
5648,31,0,14
5649,3,0,2
5650,7,0,9
5651,25,1,16
5652,26,0,14
5653,13,0,6
5654,6,0,7
5655,8,0,3
5656,24,1,15
5657,24,1,21
5658,11,0,5
5659,21,0,15
5660,20,1,14
5661,13,0,6
5662,13,1,17
5663,16,0,8
5664,8,0,6
5665,19,0,4
5666,26,1,16
5667,5,0,4
5668,14,0,7
5669,18,1,14
5670,35,1,24
5671,32,0,15
5672,27,0,11
5673,21,1,17
5674,35,1,16
5675,32,1,16
5676,18,0,10
5677,23,0,9
5678,8,0,7
5679,5,0,10
5680,2,0,4
5681,22,0,9
5682,16,1,16
5683,32,1,15
5684,36,1,19
5685,4,0,0
5686,25,0,10
5687,34,0,14
5688,36,1,16
5689,36,1,17
5690,24,0,9
5691,28,0,12
5692,35,0,12
5693,22,1,15
5694,7,0,8
5695,4,0,1
5696,2,0,1
5697,22,0,9
5698,13,0,8
5699,9,1,14
5700,33,1,17
5701,8,0,9
5702,21,0,11
5703,17,1,11
5704,3,0,8
5705,14,0,7
5706,25,0,8
5707,14,0,0
5708,17,0,9
5709,12,0,3
5710,8,1,8
5711,27,1,17
5712,10,0,4
5713,6,0,7
5714,35,1,24
5715,13,0,5
5716,30,0,10
5717,21,0,12
5718,12,0,7
5719,2,0,7
5720,34,1,20
5721,1,0,0
5722,13,0,5
5723,8,0,6
5724,17,0,13
5725,20,1,17
5726,4,0,3
5727,28,0,12
5728,32,0,16
5729,12,0,7
5730,25,0,9
5731,36,1,17
5732,27,1,13
5733,16,1,14
5734,17,0,6
5735,19,0,8
5736,11,0,10
5737,25,0,9
5738,30,1,17
5739,6,0,3
5740,27,1,17
5741,34,1,15
5742,11,0,9
5743,20,1,11
5744,30,0,14
5745,36,1,17
5746,14,1,15
5747,14,1,11
5748,12,1,8
5749,3,0,10
5750,4,1,16
5751,15,0,9
5752,23,1,11
5753,13,0,8
5754,29,1,19
5755,35,1,17
5756,34,1,19
5757,5,0,4
5758,24,0,12
5759,29,1,19
5760,13,0,10
5761,19,1,14
5762,25,1,17
5763,19,1,15
5764,10,0,6
5765,25,0,13
5766,11,0,5
5767,18,1,11
5768,31,0,10
5769,2,0,2
5770,12,0,7
5771,32,0,13
5772,11,0,3
5773,21,0,10
5774,4,0,6
5775,1,0,3
5776,17,0,9
5777,10,0,4
5778,32,1,18
5779,25,0,12
5780,25,1,14
5781,20,1,17
5782,21,1,17
5783,23,1,20
5784,20,0,8
5785,23,0,10
5786,23,0,15
5787,29,0,10
5788,36,1,18
5789,19,1,15
5790,7,0,5
5791,30,1,18
5792,32,1,19
5793,34,0,13
5794,9,0,7
5795,22,1,15
5796,26,1,14
5797,31,1,18
5798,23,0,5
5799,16,0,9
5800,14,0,10
5801,9,0,12
5802,19,1,11
5803,10,1,15
5804,24,1,15
5805,7,0,3
5806,9,0,7
5807,30,0,10
5808,9,0,4
5809,36,1,15
5810,34,0,13
5811,25,1,23
5812,13,0,10
5813,36,1,23
5814,12,0,10
5815,8,0,4
5816,5,0,5
5817,5,0,4
5818,12,0,5
5819,3,0,4
5820,26,0,12
5821,20,0,9
5822,1,0,1
5823,3,0,3
5824,8,0,11
5825,26,1,18
5826,28,1,15
5827,26,1,15
5828,22,0,11
5829,14,0,6
5830,33,0,13
5831,26,0,12
5832,28,0,14
5833,9,0,8
5834,20,1,16
5835,11,1,8
5836,24,0,11
5837,14,0,3
5838,8,0,4
5839,20,1,15
5840,17,0,14
5841,28,0,10
5842,20,0,10
5843,23,0,13
5844,21,0,7
5845,7,0,8
5846,24,0,11
5847,26,0,13
5848,23,0,10
5849,28,1,16
5850,16,0,9
5851,11,0,8
5852,10,0,6
5853,12,0,2
5854,17,0,7
5855,13,0,5
5856,31,1,17
5857,15,0,7
5858,19,1,10
5859,21,0,10
5860,16,0,7
5861,36,1,14
5862,20,1,19
5863,31,0,16
5864,33,1,15
5865,20,0,7
5866,29,0,12
5867,29,1,15
5868,22,0,14
5869,21,0,10
5870,13,0,6
5871,27,0,10
5872,5,0,8
5873,21,0,9
5874,19,1,18
5875,14,0,2
5876,2,0,2
5877,10,0,8
5878,35,1,14
5879,36,1,16
5880,7,0,4
5881,23,0,12
5882,25,0,5
5883,6,0,5
5884,21,0,8
5885,7,0,8
5886,31,0,10
5887,6,0,5
5888,24,0,7
5889,36,1,26
5890,15,0,3
5891,22,0,12
5892,16,0,7
5893,19,0,9
5894,24,0,13
5895,1,0,5
5896,15,0,10
5897,24,0,8
5898,19,0,6
5899,7,0,4
5900,22,0,7
5901,5,0,4
5902,3,0,4
5903,11,0,3
5904,13,0,1
5905,9,0,10
5906,21,0,10
5907,33,1,17
5908,30,1,18
5909,25,0,9
5910,7,1,13
5911,17,1,11
5912,5,1,9
5913,6,0,6
5914,10,0,2
5915,14,1,14
5916,13,0,6
5917,6,0,5
5918,3,0,6
5919,1,0,7
5920,6,1,10
5921,22,1,15
5922,7,0,3
5923,8,0,2
5924,18,1,10
5925,35,0,15
5926,2,0,0
5927,5,1,9
5928,14,0,9
5929,23,1,15
5930,10,0,5
5931,27,0,15
5932,12,0,9
5933,35,0,14
5934,16,0,5
5935,18,0,5
5936,4,0,1
5937,22,0,6
5938,35,1,19
5939,12,0,2
5940,9,0,8
5941,25,1,12
5942,12,0,4
5943,24,1,17
5944,26,1,16
5945,31,1,18
5946,29,1,17
5947,19,0,7
5948,35,1,20
5949,30,1,16
5950,13,1,12
5951,26,0,9
5952,27,0,10
5953,22,1,10
5954,29,0,14
5955,13,0,6
5956,26,0,11
5957,7,0,0
5958,28,0,15
5959,2,0,3
5960,19,1,13
5961,19,0,10
5962,33,1,12
5963,7,0,9
5964,15,0,4
5965,3,0,5
5966,30,1,20
5967,36,0,12
5968,32,1,19
5969,28,0,13
5970,25,0,13
5971,17,0,8
5972,29,1,19
5973,33,1,16
5974,26,0,15
5975,36,0,15
5976,26,1,17
5977,23,0,8
5978,14,0,7
5979,7,0,7
5980,34,1,18
5981,2,0,7
5982,35,1,19
5983,35,1,15
5984,9,0,2
5985,5,1,12
5986,7,0,1
5987,2,1,9
5988,35,1,22
5989,28,1,18
5990,17,0,9
5991,24,1,14
5992,30,0,12
5993,11,0,7
5994,22,1,18
5995,33,0,15
5996,12,1,10
5997,2,0,7
5998,2,0,4
5999,21,1,11
6000,26,0,11
