user_id,job_role,heavy_usage,retained_90d
1,engineer,1,1
2,engineer,0,1
3,pm,0,0
4,engineer,1,1
5,engineer,1,1
6,engineer,1,1
7,engineer,1,1
8,engineer,1,1
9,engineer,0,1
10,pm,0,0
11,engineer,0,0
12,designer,0,1
13,engineer,1,1
14,engineer,1,1
15,pm,0,0
16,engineer,1,1
17,engineer,1,1
18,engineer,1,1
19,pm,0,1
20,engineer,0,1
21,pm,0,1
22,pm,0,1
23,engineer,0,1
24,pm,1,0
25,engineer,1,1
26,pm,0,1
27,designer,0,0
28,designer,0,0
29,engineer,1,1
30,engineer,0,0
31,engineer,0,1
32,engineer,1,1
33,engineer,1,1
34,engineer,1,1
35,engineer,1,1
36,pm,0,0
37,pm,0,0
38,pm,0,0
39,engineer,1,1
40,engineer,0,0
41,engineer,1,1
42,designer,0,0
43,pm,1,1
44,designer,0,0
45,engineer,1,1
46,engineer,1,0
47,designer,0,1
48,engineer,1,1
49,engineer,1,0
50,engineer,0,1
51,designer,0,1
52,pm,0,0
53,engineer,1,1
54,engineer,1,0
55,pm,1,1
56,pm,0,0
57,designer,0,1
58,engineer,1,1
59,engineer,1,0
60,engineer,0,0
61,designer,0,0
62,designer,0,1
63,designer,0,0
64,engineer,0,1
65,pm,0,1
66,pm,0,0
67,engineer,1,1
68,pm,1,0
69,engineer,0,1
70,designer,0,0
71,pm,0,1
72,pm,0,0
73,designer,1,0
74,pm,0,0
75,pm,0,0
76,engineer,1,1
77,engineer,1,1
78,engineer,1,0
79,engineer,1,1
80,pm,0,0
81,pm,1,0
82,engineer,1,1
83,engineer,1,1
84,pm,0,1
85,pm,0,0
86,pm,0,1
87,pm,0,0
88,engineer,0,0
89,engineer,1,1
90,pm,0,0
91,designer,0,1
92,engineer,0,0
93,pm,0,1
94,engineer,0,1
95,engineer,1,1
96,engineer,1,1
97,engineer,1,0
98,engineer,0,1
99,engineer,1,1
100,pm,0,0
101,pm,0,1
102,engineer,0,0
103,engineer,1,1
104,designer,0,1
105,engineer,0,1
106,pm,0,0
107,pm,0,0
108,engineer,1,1
109,pm,1,0
110,engineer,1,1
111,engineer,0,1
112,engineer,1,1
113,engineer,1,1
114,engineer,1,1
115,engineer,1,1
116,engineer,0,1
117,designer,0,0
118,pm,0,1
119,engineer,1,1
120,pm,0,0
121,pm,0,0
122,pm,0,0
123,designer,1,0
124,engineer,1,1
125,engineer,0,1
126,engineer,1,1
127,engineer,1,1
128,designer,1,0
129,designer,0,0
130,engineer,1,1
131,engineer,1,1
132,engineer,1,1
133,engineer,1,1
134,engineer,1,1
135,engineer,1,1
136,engineer,1,0
137,engineer,0,1
138,engineer,1,1
139,pm,0,0
140,pm,0,0
141,pm,0,0
142,engineer,1,1
143,engineer,1,1
144,pm,1,1
145,pm,0,1
146,engineer,1,1
147,pm,1,0
148,pm,0,1
149,pm,0,0
150,designer,1,0
151,pm,0,0
152,engineer,0,1
153,designer,1,1
154,pm,0,0
155,designer,0,0
156,designer,0,1
157,pm,0,1
158,engineer,1,1
159,engineer,1,1
160,engineer,1,1
161,engineer,0,0
162,pm,0,0
163,engineer,1,1
164,pm,0,0
165,engineer,1,1
166,engineer,1,0
167,engineer,0,1
168,designer,0,1
169,pm,0,1
170,engineer,1,1
171,engineer,1,1
172,engineer,1,1
173,engineer,1,0
174,pm,0,0
175,designer,1,0
176,pm,1,0
177,pm,0,0
178,engineer,1,1
179,engineer,1,1
180,engineer,1,1
181,engineer,1,1
182,pm,1,0
183,pm,0,1
184,designer,0,1
185,designer,0,1
186,pm,0,0
187,designer,0,0
188,pm,1,1
189,engineer,1,0
190,engineer,0,0
191,engineer,1,1
192,designer,1,0
193,engineer,1,1
194,designer,0,0
195,designer,1,0
196,pm,1,0
197,designer,0,1
198,engineer,1,1
199,engineer,1,0
200,pm,0,0
201,engineer,0,0
202,pm,1,1
203,designer,0,0
204,designer,0,0
205,pm,0,1
206,engineer,1,1
207,engineer,1,1
208,pm,0,1
209,pm,0,1
210,designer,0,0
211,engineer,1,1
212,engineer,1,1
213,engineer,0,1
214,engineer,0,1
215,designer,0,0
216,engineer,0,1
217,engineer,1,0
218,engineer,1,1
219,engineer,0,1
220,engineer,1,1
221,pm,0,1
222,engineer,1,0
223,engineer,0,1
224,designer,0,1
225,pm,0,0
226,designer,0,0
227,engineer,1,1
228,engineer,1,1
229,designer,0,0
230,engineer,0,1
231,engineer,1,1
232,pm,0,0
233,designer,0,1
234,designer,0,0
235,engineer,1,0
236,pm,0,0
237,designer,0,1
238,engineer,1,1
239,engineer,1,1
240,engineer,1,1
241,engineer,1,1
242,engineer,0,1
243,engineer,0,0
244,pm,0,1
245,engineer,1,1
246,engineer,1,1
247,pm,0,0
248,engineer,1,1
249,engineer,1,1
250,engineer,1,1
251,engineer,0,1
252,engineer,0,1
253,engineer,1,1
254,engineer,1,0
255,engineer,1,1
256,designer,0,0
257,designer,0,1
258,pm,0,0
259,designer,0,0
260,pm,0,0
261,engineer,1,1
262,pm,0,0
263,pm,0,0
264,designer,0,1
265,designer,0,0
266,engineer,1,1
267,engineer,1,1
268,designer,0,0
269,engineer,1,1
270,pm,0,0
271,pm,0,0
272,designer,0,1
273,pm,0,0
274,pm,0,0
275,engineer,1,1
276,engineer,0,0
277,engineer,1,1
278,pm,0,0
279,designer,1,1
280,pm,0,1
281,pm,0,0
282,designer,1,0
283,engineer,1,0
284,engineer,1,0
285,engineer,1,1
286,pm,0,1
287,pm,0,0
288,designer,0,0
289,engineer,0,1
290,pm,0,1
291,engineer,1,1
292,engineer,0,1
293,engineer,1,1
294,engineer,0,0
295,engineer,1,1
296,engineer,1,1
297,engineer,0,1
298,engineer,1,1
299,engineer,0,1
300,pm,1,0
301,pm,0,1
302,engineer,1,0
303,pm,1,1
304,pm,1,0
305,engineer,1,1
306,pm,0,0
307,engineer,1,0
308,engineer,0,1
309,engineer,1,0
310,engineer,1,1
311,engineer,0,0
312,pm,1,0
313,pm,0,1
314,engineer,1,1
315,pm,0,1
316,engineer,0,0
317,designer,0,0
318,engineer,0,1
319,engineer,0,1
320,pm,0,0
321,engineer,1,1
322,engineer,1,1
323,engineer,1,1
324,designer,1,1
325,designer,0,0
326,engineer,0,0
327,engineer,1,1
328,pm,0,0
329,pm,0,0
330,engineer,0,1
331,designer,0,1
332,pm,0,0
333,engineer,0,0
334,designer,0,0
335,engineer,1,1
336,designer,0,0
337,pm,0,1
338,engineer,0,1
339,designer,0,1
340,engineer,0,1
341,pm,0,1
342,engineer,1,0
343,pm,0,0
344,engineer,1,1
345,engineer,0,1
346,engineer,1,1
347,engineer,1,1
348,designer,0,0
349,pm,0,0
350,engineer,1,1
351,engineer,0,1
352,pm,0,0
353,pm,0,1
354,engineer,1,1
355,designer,0,0
356,designer,1,1
357,engineer,1,1
358,pm,1,0
359,engineer,1,1
360,pm,0,0
361,pm,0,0
362,designer,1,0
363,designer,0,0
364,pm,0,0
365,engineer,1,1
366,designer,0,0
367,engineer,1,1
368,designer,0,0
369,pm,0,0
370,designer,0,1
371,designer,0,0
372,engineer,1,1
373,designer,0,0
374,engineer,1,0
375,engineer,1,1
376,engineer,1,1
377,designer,0,0
378,pm,1,0
379,pm,0,0
380,engineer,1,1
381,pm,0,0
382,pm,1,1
383,designer,0,0
384,pm,1,0
385,engineer,0,0
386,designer,0,1
387,designer,0,0
388,engineer,0,1
389,engineer,0,1
390,designer,0,1
391,engineer,0,0
392,pm,0,0
393,pm,0,0
394,designer,0,0
395,engineer,0,0
396,engineer,0,1
397,designer,0,0
398,pm,0,0
399,pm,0,0
400,designer,0,0
401,pm,0,0
402,pm,0,0
403,engineer,1,1
404,pm,0,0
405,pm,0,0
406,engineer,1,1
407,engineer,0,0
408,designer,0,0
409,designer,0,0
410,pm,0,1
411,designer,1,0
412,engineer,1,1
413,engineer,1,1
414,pm,0,0
415,pm,0,0
416,designer,0,0
417,pm,0,1
418,engineer,1,1
419,engineer,0,0
420,engineer,1,1
421,engineer,0,0
422,engineer,0,0
423,engineer,1,0
424,designer,1,1
425,engineer,1,1
426,designer,0,0
427,engineer,1,1
428,engineer,0,1
429,engineer,0,1
430,pm,0,0
431,pm,0,0
432,pm,0,0
433,pm,1,1
434,engineer,1,1
435,pm,0,1
436,engineer,1,0
437,engineer,1,1
438,engineer,0,1
439,pm,0,0
440,designer,0,0
441,pm,0,1
442,pm,1,0
443,engineer,1,1
444,engineer,1,1
445,pm,0,1
446,designer,0,0
447,engineer,1,1
448,pm,1,1
449,designer,0,0
450,engineer,1,1
451,engineer,1,1
452,engineer,1,0
453,designer,0,0
454,pm,0,0
455,pm,0,0
456,engineer,1,0
457,engineer,1,0
458,pm,0,0
459,engineer,1,1
460,pm,0,1
461,engineer,0,1
462,pm,0,0
463,engineer,1,1
464,engineer,0,1
465,engineer,0,1
466,designer,0,1
467,engineer,1,1
468,engineer,1,1
469,designer,1,0
470,pm,0,0
471,engineer,1,1
472,pm,0,1
473,designer,0,0
474,designer,0,0
475,engineer,0,0
476,engineer,1,0
477,engineer,1,1
478,engineer,1,1
479,engineer,0,1
480,engineer,1,0
481,pm,0,1
482,pm,1,1
483,engineer,1,1
484,engineer,0,1
485,pm,0,0
486,engineer,1,1
487,engineer,1,1
488,designer,0,0
489,pm,0,0
490,engineer,1,1
491,engineer,1,1
492,designer,0,0
493,engineer,1,1
494,pm,0,0
495,engineer,0,1
496,engineer,0,0
497,pm,0,0
498,engineer,1,1
499,engineer,0,0
500,pm,0,0
501,engineer,1,1
502,pm,0,0
503,pm,0,0
504,pm,0,0
505,engineer,1,0
506,engineer,0,1
507,engineer,1,1
508,engineer,1,1
509,engineer,1,1
510,engineer,0,1
511,pm,0,0
512,pm,0,0
513,engineer,0,1
514,engineer,1,1
515,designer,1,0
516,pm,0,0
517,engineer,1,1
518,engineer,1,0
519,engineer,1,1
520,engineer,0,0
521,engineer,1,1
522,engineer,0,1
523,engineer,0,1
524,engineer,0,1
525,designer,0,1
526,pm,1,1
527,designer,0,1
528,pm,0,0
529,pm,0,0
530,engineer,1,1
531,engineer,1,1
532,engineer,1,1
533,engineer,1,1
534,pm,0,0
535,pm,0,1
536,pm,1,0
537,engineer,0,1
538,engineer,1,1
539,designer,0,1
540,engineer,1,0
541,engineer,1,1
542,pm,1,0
543,engineer,0,1
544,engineer,1,0
545,engineer,1,1
546,engineer,1,1
547,pm,1,1
548,pm,0,1
549,engineer,1,1
550,pm,0,1
551,designer,0,1
552,engineer,1,0
553,engineer,0,0
554,engineer,0,1
555,pm,1,0
556,engineer,1,1
557,engineer,0,0
558,pm,1,1
559,pm,0,1
560,engineer,1,0
561,engineer,1,0
562,engineer,1,1
563,engineer,1,0
564,engineer,1,1
565,pm,0,0
566,designer,0,0
567,engineer,0,1
568,designer,0,0
569,engineer,1,1
570,designer,0,1
571,engineer,1,1
572,engineer,1,1
573,engineer,1,1
574,engineer,0,1
575,pm,0,0
576,engineer,1,1
577,engineer,0,0
578,engineer,0,0
579,designer,1,0
580,engineer,1,1
581,designer,0,1
582,engineer,1,1
583,pm,0,0
584,engineer,1,1
585,engineer,1,1
586,pm,0,0
587,designer,0,1
588,engineer,1,0
589,engineer,0,1
590,pm,0,0
591,engineer,1,1
592,pm,1,0
593,pm,0,1
594,engineer,1,0
595,engineer,0,1
596,designer,1,0
597,designer,0,1
598,engineer,1,0
599,engineer,1,1
600,engineer,1,0
601,engineer,1,1
602,engineer,1,1
603,designer,1,1
604,pm,0,0
605,engineer,1,1
606,engineer,1,1
607,engineer,0,1
608,engineer,1,1
609,engineer,1,1
610,engineer,1,1
611,engineer,1,1
612,engineer,1,1
613,engineer,1,1
614,pm,0,0
615,pm,0,0
616,pm,0,1
617,engineer,1,1
618,designer,1,1
619,engineer,0,1
620,pm,0,0
621,engineer,1,1
622,engineer,1,1
623,designer,0,0
624,engineer,1,1
625,designer,0,1
626,engineer,1,1
627,designer,1,0
628,designer,0,0
629,pm,0,0
630,pm,0,1
631,engineer,0,1
632,pm,0,0
633,designer,0,0
634,engineer,0,0
635,pm,1,0
636,pm,0,0
637,engineer,1,1
638,engineer,1,1
639,designer,0,0
640,pm,0,0
641,pm,0,1
642,engineer,1,1
643,engineer,1,1
644,pm,0,1
645,engineer,1,1
646,designer,0,0
647,pm,0,0
648,pm,0,0
649,engineer,1,1
650,engineer,1,1
651,pm,1,0
652,pm,0,1
653,engineer,0,0
654,engineer,0,0
655,designer,0,0
656,pm,0,0
657,engineer,0,0
658,pm,0,0
659,designer,0,0
660,engineer,0,1
661,engineer,1,1
662,engineer,1,1
663,engineer,1,1
664,engineer,1,1
665,engineer,1,1
666,pm,0,0
667,engineer,0,0
668,pm,0,0
669,engineer,0,1
670,designer,0,0
671,designer,0,0
672,pm,0,1
673,engineer,1,1
674,engineer,0,1
675,engineer,0,1
676,engineer,1,0
677,engineer,1,1
678,engineer,1,1
679,engineer,1,1
680,pm,0,1
681,engineer,1,1
682,engineer,1,1
683,engineer,1,1
684,engineer,1,1
685,pm,1,0
686,designer,0,0
687,pm,0,1
688,designer,1,1
689,engineer,0,1
690,pm,0,0
691,pm,0,0
692,engineer,1,0
693,pm,0,1
694,pm,0,1
695,engineer,0,1
696,engineer,1,1
697,engineer,1,1
698,designer,0,0
699,engineer,0,0
700,pm,0,0
701,designer,0,1
702,pm,1,0
703,pm,1,0
704,designer,0,1
705,designer,1,1
706,engineer,1,1
707,pm,0,1
708,designer,0,0
709,pm,0,1
710,pm,1,0
711,engineer,0,1
712,engineer,1,1
713,pm,0,1
714,engineer,0,1
715,engineer,1,0
716,engineer,1,1
717,pm,0,1
718,engineer,1,1
719,pm,0,0
720,engineer,0,0
721,engineer,1,1
722,engineer,1,1
723,engineer,1,0
724,engineer,0,1
725,engineer,1,1
726,engineer,1,0
727,pm,0,1
728,pm,0,0
729,designer,0,1
730,pm,0,0
731,pm,0,0
732,engineer,0,1
733,designer,0,0
734,designer,0,0
735,engineer,1,1
736,engineer,1,1
737,pm,0,1
738,designer,1,0
739,designer,0,0
740,engineer,0,0
741,engineer,1,0
742,engineer,1,1
743,pm,0,1
744,pm,0,0
745,designer,1,1
746,designer,0,0
747,pm,0,0
748,engineer,1,1
749,pm,0,0
750,engineer,1,1
751,designer,0,0
752,pm,0,0
753,designer,0,0
754,engineer,0,1
755,pm,0,0
756,pm,1,1
757,pm,0,0
758,engineer,1,1
759,engineer,1,1
760,pm,0,0
761,engineer,1,1
762,engineer,1,0
763,engineer,0,0
764,pm,0,0
765,engineer,1,1
766,designer,0,0
767,engineer,0,1
768,pm,0,1
769,engineer,0,1
770,engineer,1,1
771,pm,0,0
772,designer,1,0
773,designer,0,1
774,designer,1,1
775,pm,0,1
776,pm,1,1
777,designer,0,0
778,engineer,1,1
779,engineer,1,1
780,engineer,1,0
781,pm,1,0
782,engineer,0,1
783,pm,1,1
784,pm,0,0
785,designer,0,0
786,designer,0,0
787,engineer,1,1
788,engineer,1,1
789,pm,0,0
790,pm,0,1
791,engineer,1,0
792,engineer,0,0
793,pm,0,0
794,designer,1,1
795,engineer,1,1
796,pm,0,0
797,engineer,1,1
798,pm,0,1
799,designer,0,1
800,pm,1,1
801,pm,0,0
802,engineer,1,1
803,engineer,0,1
804,pm,0,0
805,engineer,1,1
806,designer,0,0
807,engineer,1,1
808,pm,1,0
809,engineer,1,0
810,engineer,1,1
811,engineer,1,1
812,engineer,1,0
813,pm,0,0
814,pm,0,0
815,pm,0,1
816,designer,0,0
817,designer,0,0
818,engineer,0,1
819,designer,0,1
820,pm,0,0
821,designer,0,0
822,pm,0,0
823,pm,0,0
824,designer,0,0
825,engineer,0,1
826,pm,0,0
827,pm,0,0
828,designer,0,0
829,pm,0,1
830,pm,0,0
831,pm,0,1
832,engineer,1,1
833,engineer,1,0
834,pm,0,0
835,engineer,1,1
836,engineer,1,1
837,engineer,1,0
838,designer,0,0
839,engineer,1,1
840,pm,0,0
841,engineer,1,1
842,engineer,1,1
843,engineer,1,1
844,pm,0,0
845,engineer,1,1
846,pm,0,0
847,pm,1,0
848,pm,0,0
849,engineer,1,0
850,pm,0,0
851,engineer,1,0
852,engineer,0,0
853,engineer,1,0
854,pm,0,1
855,engineer,1,1
856,engineer,0,1
857,pm,0,0
858,designer,1,0
859,pm,1,1
860,engineer,1,1
861,pm,0,0
862,engineer,1,0
863,engineer,0,0
864,pm,0,0
865,engineer,1,1
866,pm,0,1
867,designer,0,1
868,designer,0,1
869,pm,0,1
870,engineer,1,1
871,designer,0,0
872,engineer,1,1
873,designer,0,0
874,pm,0,1
875,designer,0,1
876,engineer,0,1
877,pm,1,0
878,engineer,1,1
879,engineer,0,1
880,engineer,1,0
881,engineer,1,1
882,engineer,0,0
883,pm,1,0
884,engineer,0,1
885,pm,1,1
886,engineer,1,1
887,engineer,0,0
888,designer,0,1
889,engineer,0,1
890,engineer,1,1
891,designer,0,1
892,engineer,0,1
893,pm,0,0
894,pm,0,0
895,engineer,1,0
896,designer,1,1
897,engineer,0,1
898,pm,0,0
899,engineer,1,1
900,designer,0,0
901,pm,0,0
902,engineer,0,1
903,engineer,0,0
904,engineer,1,1
905,designer,0,0
906,pm,1,0
907,pm,0,0
908,pm,0,0
909,engineer,1,1
910,engineer,1,1
911,designer,0,1
912,designer,0,1
913,engineer,1,1
914,engineer,1,0
915,pm,0,0
916,engineer,0,1
917,designer,0,0
918,pm,0,0
919,engineer,1,1
920,engineer,1,1
921,designer,1,0
922,engineer,1,1
923,engineer,0,1
924,pm,0,0
925,designer,0,0
926,engineer,1,1
927,pm,0,0
928,designer,0,0
929,engineer,1,1
930,engineer,0,0
931,engineer,1,1
932,designer,0,0
933,pm,0,0
934,pm,0,0
935,engineer,1,1
936,engineer,1,0
937,pm,0,0
938,designer,0,0
939,pm,0,0
940,engineer,1,1
941,engineer,1,1
942,pm,0,0
943,designer,0,0
944,engineer,1,0
945,pm,0,0
946,engineer,1,1
947,engineer,0,1
948,designer,0,0
949,pm,0,1
950,engineer,1,0
951,pm,0,0
952,engineer,1,1
953,engineer,1,1
954,engineer,1,1
955,engineer,1,1
956,engineer,1,1
957,pm,1,0
958,pm,0,0
959,pm,0,0
960,pm,0,0
961,designer,0,0
962,engineer,1,1
963,engineer,1,1
964,pm,0,0
965,engineer,0,1
966,pm,0,1
967,pm,0,0
968,engineer,1,1
969,engineer,1,1
970,pm,0,0
971,pm,0,0
972,designer,1,1
973,engineer,1,1
974,engineer,0,0
975,engineer,0,1
976,pm,0,1
977,pm,1,0
978,pm,0,1
979,pm,0,0
980,designer,0,0
981,engineer,1,1
982,pm,0,1
983,engineer,1,1
984,engineer,1,1
985,pm,0,0
986,pm,0,1
987,engineer,1,1
988,pm,0,1
989,engineer,1,0
990,designer,0,1
991,pm,0,0
992,pm,0,0
993,engineer,1,0
994,pm,0,0
995,engineer,1,1
996,pm,1,0
997,pm,0,1
998,engineer,1,0
999,designer,0,0
1000,engineer,1,1
1001,engineer,1,1
1002,engineer,1,1
1003,engineer,0,1
1004,designer,0,0
1005,pm,0,0
1006,engineer,1,0
1007,engineer,1,0
1008,designer,0,0
1009,engineer,0,0
1010,pm,0,0
1011,engineer,1,1
1012,engineer,1,0
1013,engineer,1,1
1014,pm,0,0
1015,designer,0,0
1016,pm,0,1
1017,designer,0,0
1018,engineer,1,1
1019,engineer,0,1
1020,engineer,0,1
1021,designer,0,1
1022,engineer,1,1
1023,engineer,1,1
1024,designer,0,0
1025,pm,1,0
1026,designer,1,0
1027,pm,0,0
1028,pm,0,0
1029,engineer,0,1
1030,engineer,1,0
1031,engineer,0,1
1032,designer,1,1
1033,engineer,0,1
1034,pm,1,0
1035,engineer,1,1
1036,engineer,0,1
1037,engineer,1,0
1038,designer,0,0
1039,designer,0,0
1040,engineer,1,0
1041,pm,0,0
1042,pm,0,0
1043,engineer,1,1
1044,engineer,1,1
1045,engineer,1,0
1046,engineer,1,0
1047,engineer,0,1
1048,pm,0,0
1049,engineer,1,1
1050,engineer,1,1
1051,pm,1,0
1052,pm,0,1
1053,engineer,1,1
1054,engineer,1,1
1055,pm,1,0
1056,pm,0,0
1057,engineer,1,1
1058,engineer,1,1
1059,engineer,1,0
1060,engineer,1,1
1061,engineer,1,0
1062,designer,1,1
1063,engineer,1,1
1064,pm,0,0
1065,pm,0,0
1066,engineer,0,0
1067,pm,0,1
1068,engineer,1,0
1069,engineer,1,1
1070,engineer,0,1
1071,engineer,1,1
1072,engineer,1,1
1073,designer,1,0
1074,engineer,1,0
1075,designer,0,1
1076,engineer,0,1
1077,engineer,0,1
1078,designer,0,0
1079,pm,0,0
1080,pm,1,0
1081,engineer,1,1
1082,designer,0,1
1083,pm,0,0
1084,designer,0,0
1085,pm,0,0
1086,designer,0,0
1087,pm,0,0
1088,engineer,1,1
1089,pm,0,1
1090,engineer,0,1
1091,pm,0,0
1092,engineer,1,1
1093,engineer,1,0
1094,pm,0,1
1095,pm,0,0
1096,engineer,0,1
1097,engineer,1,0
1098,engineer,1,1
1099,designer,0,1
1100,engineer,1,0
1101,pm,1,1
1102,designer,0,0
1103,designer,1,1
1104,designer,0,0
1105,engineer,1,1
1106,designer,0,0
1107,engineer,1,1
1108,engineer,1,1
1109,engineer,1,1
1110,engineer,0,1
1111,engineer,1,1
1112,engineer,1,0
1113,engineer,1,1
1114,designer,1,1
1115,designer,0,0
1116,designer,0,0
1117,engineer,0,1
1118,engineer,1,1
1119,pm,1,0
1120,engineer,0,1
1121,engineer,1,1
1122,engineer,0,1
1123,designer,0,1
1124,designer,0,0
1125,engineer,1,1
1126,engineer,0,0
1127,engineer,0,1
1128,designer,0,0
1129,engineer,1,1
1130,engineer,0,1
1131,engineer,1,0
1132,engineer,1,1
1133,pm,0,1
1134,engineer,1,1
1135,engineer,1,1
1136,designer,0,0
1137,pm,0,1
1138,engineer,1,1
1139,engineer,1,1
1140,pm,0,0
1141,engineer,1,1
1142,engineer,0,1
1143,pm,0,0
1144,pm,0,1
1145,designer,1,0
1146,engineer,0,1
1147,pm,0,0
1148,pm,1,0
1149,engineer,1,1
1150,engineer,0,1
1151,pm,1,0
1152,engineer,1,1
1153,pm,1,0
1154,designer,0,0
1155,pm,0,1
1156,designer,0,0
1157,designer,1,1
1158,designer,0,1
1159,engineer,1,1
1160,engineer,1,1
1161,pm,0,0
1162,pm,0,1
1163,engineer,1,0
1164,engineer,0,1
1165,engineer,0,1
1166,engineer,0,1
1167,designer,0,0
1168,engineer,1,1
1169,designer,0,1
1170,designer,0,1
1171,pm,1,0
1172,pm,0,1
1173,pm,0,1
1174,engineer,1,0
1175,engineer,1,1
1176,pm,1,1
1177,designer,0,0
1178,engineer,1,1
1179,designer,0,1
1180,pm,0,1
1181,engineer,1,0
1182,engineer,1,1
1183,pm,0,0
1184,engineer,1,1
1185,pm,0,0
1186,engineer,1,1
1187,designer,0,0
1188,pm,0,0
1189,engineer,1,1
1190,engineer,1,1
1191,engineer,1,1
1192,engineer,1,0
1193,engineer,1,1
1194,designer,0,0
1195,pm,0,0
1196,engineer,1,1
1197,engineer,1,0
1198,pm,0,0
1199,engineer,0,1
1200,designer,0,1
1201,engineer,0,1
1202,engineer,1,1
1203,pm,1,0
1204,pm,0,1
1205,engineer,0,1
1206,engineer,1,1
1207,pm,0,0
1208,engineer,1,1
1209,engineer,1,1
1210,engineer,0,0
1211,engineer,1,1
1212,engineer,1,1
1213,pm,0,0
1214,designer,0,1
1215,engineer,1,0
1216,designer,0,1
1217,pm,0,0
1218,engineer,1,1
1219,pm,1,0
1220,engineer,1,1
1221,engineer,1,1
1222,engineer,0,0
1223,designer,0,0
1224,engineer,1,1
1225,engineer,1,1
1226,engineer,1,1
1227,pm,0,1
1228,engineer,1,1
1229,designer,0,0
1230,engineer,0,1
1231,pm,1,1
1232,designer,0,1
1233,engineer,1,1
1234,engineer,1,1
1235,engineer,0,0
1236,pm,0,0
1237,designer,0,1
1238,pm,1,1
1239,pm,1,0
1240,pm,1,1
1241,pm,0,0
1242,pm,0,0
1243,pm,0,0
1244,engineer,0,0
1245,pm,0,0
1246,designer,0,0
1247,engineer,1,1
1248,engineer,1,1
1249,engineer,1,1
1250,pm,0,0
1251,engineer,1,1
1252,engineer,0,0
1253,pm,0,0
1254,engineer,1,1
1255,pm,0,0
1256,pm,1,0
1257,designer,0,0
1258,pm,0,0
1259,engineer,1,1
1260,designer,0,0
1261,pm,0,0
1262,engineer,0,1
1263,engineer,1,0
1264,pm,0,0
1265,engineer,1,1
1266,designer,0,0
1267,designer,0,0
1268,engineer,1,1
1269,designer,0,0
1270,pm,0,0
1271,engineer,0,0
1272,engineer,0,0
1273,engineer,1,1
1274,engineer,0,1
1275,engineer,1,1
1276,designer,0,0
1277,designer,1,0
1278,engineer,1,1
1279,pm,0,1
1280,engineer,1,1
1281,engineer,1,1
1282,engineer,0,1
1283,pm,0,0
1284,pm,0,0
1285,engineer,1,1
1286,designer,0,0
1287,designer,0,1
1288,engineer,0,1
1289,pm,0,0
1290,pm,0,0
1291,engineer,1,1
1292,engineer,1,1
1293,designer,0,1
1294,pm,0,0
1295,engineer,1,1
1296,pm,1,0
1297,pm,0,1
1298,designer,0,0
1299,engineer,1,1
1300,pm,0,1
1301,engineer,1,1
1302,engineer,1,1
1303,designer,0,0
1304,engineer,1,1
1305,designer,0,1
1306,pm,0,0
1307,engineer,1,0
1308,designer,0,0
1309,engineer,1,1
1310,pm,0,0
1311,engineer,1,0
1312,designer,0,1
1313,designer,0,1
1314,engineer,1,1
1315,engineer,1,1
1316,pm,0,1
1317,designer,1,0
1318,engineer,1,1
1319,engineer,1,1
1320,pm,0,1
1321,designer,0,1
1322,engineer,1,0
1323,designer,0,1
1324,engineer,1,1
1325,pm,0,1
1326,pm,0,0
1327,engineer,1,1
1328,engineer,0,0
1329,engineer,1,1
1330,designer,0,0
1331,designer,0,0
1332,engineer,1,1
1333,engineer,1,1
1334,engineer,0,1
1335,designer,0,0
1336,engineer,0,1
1337,engineer,1,1
1338,pm,1,0
1339,designer,0,1
1340,pm,0,0
1341,designer,0,0
1342,engineer,1,1
1343,designer,1,1
1344,engineer,1,1
1345,designer,0,1
1346,engineer,1,0
1347,engineer,1,0
1348,engineer,0,0
1349,pm,0,0
1350,designer,0,1
1351,engineer,1,1
1352,designer,0,1
1353,engineer,0,1
1354,engineer,1,0
1355,engineer,1,1
1356,engineer,1,1
1357,pm,1,0
1358,pm,0,0
1359,pm,0,0
1360,engineer,0,0
1361,engineer,1,1
1362,engineer,1,0
1363,designer,0,0
1364,engineer,1,1
1365,engineer,1,1
1366,designer,0,0
1367,pm,0,0
1368,engineer,0,1
1369,engineer,1,1
1370,engineer,1,0
1371,designer,0,0
1372,pm,0,0
1373,designer,0,0
1374,pm,0,0
1375,pm,0,0
1376,engineer,1,1
1377,pm,0,0
1378,engineer,0,1
1379,engineer,1,1
1380,engineer,1,1
1381,pm,0,0
1382,engineer,1,1
1383,engineer,1,1
1384,engineer,0,1
1385,pm,0,0
1386,pm,0,0
1387,pm,0,0
1388,pm,0,0
1389,pm,0,0
1390,designer,0,0
1391,pm,0,0
1392,designer,0,0
1393,engineer,0,1
1394,pm,0,0
1395,engineer,0,1
1396,engineer,0,1
1397,designer,0,0
1398,engineer,1,0
1399,pm,0,0
1400,engineer,0,0
1401,designer,1,1
1402,engineer,1,1
1403,engineer,1,1
1404,engineer,0,1
1405,engineer,0,1
1406,engineer,1,0
1407,engineer,1,1
1408,pm,1,0
1409,engineer,1,1
1410,engineer,1,1
1411,designer,0,0
1412,engineer,0,1
1413,designer,0,0
1414,pm,0,0
1415,engineer,1,1
1416,engineer,1,1
1417,engineer,1,1
1418,engineer,1,1
1419,pm,0,1
1420,designer,0,0
1421,engineer,0,1
1422,engineer,0,1
1423,designer,0,1
1424,engineer,0,0
1425,engineer,0,0
1426,engineer,0,0
1427,pm,0,1
1428,engineer,1,1
1429,pm,0,1
1430,pm,1,0
1431,pm,1,0
1432,pm,0,1
1433,pm,1,0
1434,designer,0,0
1435,pm,1,0
1436,engineer,0,1
1437,designer,0,0
1438,pm,0,0
1439,pm,0,1
1440,pm,1,0
1441,engineer,1,1
1442,engineer,1,1
1443,designer,0,1
1444,pm,0,0
1445,engineer,1,1
1446,pm,0,0
1447,pm,1,0
1448,engineer,1,1
1449,engineer,0,1
1450,engineer,1,1
1451,pm,0,0
1452,designer,0,0
1453,engineer,0,0
1454,designer,0,1
1455,pm,0,1
1456,designer,1,1
1457,engineer,1,1
1458,engineer,1,1
1459,engineer,1,1
1460,pm,0,0
1461,engineer,0,0
1462,pm,0,1
1463,designer,0,0
1464,engineer,1,1
1465,designer,0,0
1466,engineer,1,1
1467,engineer,1,1
1468,engineer,0,0
1469,pm,0,0
1470,engineer,0,0
1471,pm,0,0
1472,designer,0,0
1473,pm,0,0
1474,designer,1,1
1475,engineer,0,1
1476,pm,0,0
1477,engineer,1,1
1478,engineer,0,1
1479,designer,0,0
1480,engineer,1,1
1481,engineer,1,0
1482,pm,1,1
1483,engineer,0,1
1484,pm,0,0
1485,engineer,1,0
1486,pm,0,0
1487,engineer,1,0
1488,engineer,0,1
1489,engineer,1,1
1490,designer,1,0
1491,engineer,1,1
1492,designer,1,0
1493,pm,0,0
1494,designer,0,0
1495,engineer,0,0
1496,engineer,1,1
1497,engineer,0,1
1498,engineer,1,0
1499,pm,0,1
1500,engineer,1,0
1501,pm,0,1
1502,pm,0,0
1503,engineer,1,1
1504,pm,0,0
1505,engineer,0,0
1506,pm,0,1
1507,designer,0,0
1508,pm,0,1
1509,engineer,0,1
1510,pm,0,0
1511,engineer,1,1
1512,engineer,1,1
1513,engineer,1,1
1514,designer,1,1
1515,engineer,0,1
1516,engineer,1,1
1517,pm,0,0
1518,designer,1,0
1519,engineer,0,1
1520,pm,0,0
1521,designer,0,0
1522,engineer,1,0
1523,engineer,1,1
1524,engineer,1,1
1525,engineer,0,1
1526,engineer,0,1
1527,engineer,1,1
1528,engineer,0,0
1529,pm,1,1
1530,designer,1,0
1531,pm,0,0
1532,pm,0,1
1533,engineer,1,1
1534,engineer,1,0
1535,pm,1,0
1536,engineer,1,1
1537,designer,0,1
1538,pm,0,0
1539,engineer,1,1
1540,engineer,0,1
1541,engineer,0,1
1542,pm,0,1
1543,pm,0,0
1544,pm,0,0
1545,pm,0,1
1546,pm,1,0
1547,pm,0,1
1548,engineer,1,1
1549,engineer,1,1
1550,pm,0,0
1551,engineer,1,0
1552,engineer,0,1
1553,pm,0,0
1554,designer,1,1
1555,pm,1,0
1556,engineer,1,1
1557,designer,0,0
1558,engineer,1,1
1559,engineer,1,1
1560,pm,0,0
1561,designer,0,1
1562,pm,0,0
1563,pm,0,1
1564,engineer,1,1
1565,engineer,1,1
1566,pm,0,0
1567,engineer,1,1
1568,engineer,1,1
1569,pm,0,0
1570,pm,1,1
1571,engineer,1,1
1572,engineer,1,0
1573,designer,0,0
1574,pm,0,0
1575,engineer,1,1
1576,engineer,0,0
1577,engineer,0,1
1578,pm,1,0
1579,designer,1,1
1580,designer,0,0
1581,engineer,1,1
1582,designer,0,0
1583,designer,0,0
1584,pm,1,0
1585,engineer,1,1
1586,pm,0,0
1587,engineer,0,0
1588,engineer,0,0
1589,engineer,1,1
1590,engineer,0,0
1591,designer,1,0
1592,engineer,1,1
1593,pm,0,0
1594,designer,0,0
1595,engineer,1,1
1596,engineer,0,0
1597,engineer,1,1
1598,designer,0,1
1599,engineer,1,0
1600,pm,1,0
1601,pm,0,0
1602,pm,0,1
1603,engineer,0,1
1604,engineer,1,1
1605,designer,0,1
1606,engineer,0,1
1607,pm,0,1
1608,engineer,0,0
1609,designer,0,0
1610,pm,0,0
1611,engineer,0,0
1612,designer,1,1
1613,engineer,0,0
1614,designer,0,0
1615,pm,0,1
1616,engineer,1,1
1617,engineer,0,1
1618,engineer,1,1
1619,engineer,1,1
1620,engineer,1,1
1621,engineer,1,0
1622,engineer,0,1
1623,designer,0,0
1624,engineer,0,0
1625,designer,0,1
1626,engineer,1,1
1627,engineer,1,0
1628,pm,0,1
1629,engineer,0,1
1630,pm,0,0
1631,pm,0,0
1632,designer,0,0
1633,designer,0,1
1634,engineer,1,0
1635,pm,1,1
1636,designer,1,1
1637,engineer,0,1
1638,engineer,1,1
1639,pm,0,0
1640,pm,0,0
1641,pm,0,0
1642,designer,0,1
1643,engineer,1,1
1644,designer,0,0
1645,engineer,0,1
1646,designer,0,0
1647,engineer,1,1
1648,designer,0,0
1649,designer,0,0
1650,pm,0,0
1651,engineer,1,1
1652,engineer,0,1
1653,designer,0,0
1654,pm,0,0
1655,pm,0,1
1656,designer,0,0
1657,pm,0,0
1658,designer,0,0
1659,engineer,0,1
1660,pm,0,0
1661,designer,0,1
1662,designer,0,1
1663,designer,0,0
1664,pm,0,0
1665,engineer,0,1
1666,pm,0,0
1667,engineer,1,0
1668,pm,1,0
1669,designer,0,1
1670,pm,0,0
1671,engineer,0,1
1672,pm,0,0
1673,engineer,1,1
1674,engineer,1,1
1675,pm,0,0
1676,designer,1,0
1677,designer,1,0
1678,pm,0,0
1679,engineer,1,1
1680,designer,0,0
1681,pm,1,0
1682,engineer,0,0
1683,pm,0,0
1684,engineer,1,1
1685,engineer,1,0
1686,engineer,0,1
1687,pm,1,0
1688,pm,0,0
1689,engineer,0,1
1690,pm,0,1
1691,engineer,1,1
1692,designer,0,0
1693,engineer,1,1
1694,engineer,1,0
1695,pm,0,0
1696,designer,1,0
1697,designer,0,1
1698,engineer,1,0
1699,pm,0,0
1700,engineer,0,1
1701,engineer,1,0
1702,designer,0,0
1703,engineer,1,0
1704,engineer,1,0
1705,engineer,1,0
1706,engineer,1,0
1707,designer,0,1
1708,engineer,0,1
1709,pm,0,0
1710,engineer,1,1
1711,designer,0,0
1712,pm,0,1
1713,pm,1,1
1714,engineer,1,1
1715,engineer,1,0
1716,designer,1,1
1717,engineer,0,0
1718,designer,0,0
1719,pm,0,0
1720,pm,0,0
1721,designer,0,0
1722,engineer,1,0
1723,pm,1,1
1724,engineer,1,1
1725,designer,0,0
1726,pm,1,1
1727,engineer,0,1
1728,designer,0,1
1729,pm,0,0
1730,engineer,1,1
1731,engineer,1,1
1732,pm,0,0
1733,pm,0,0
1734,engineer,1,1
1735,engineer,1,1
1736,pm,0,0
1737,pm,0,1
1738,engineer,1,0
1739,designer,0,1
1740,designer,1,1
1741,engineer,0,0
1742,pm,0,0
1743,pm,0,1
1744,pm,0,1
1745,engineer,1,1
1746,designer,0,0
1747,engineer,1,1
1748,engineer,0,1
1749,pm,0,0
1750,designer,1,1
1751,pm,1,0
1752,pm,0,0
1753,engineer,1,1
1754,designer,0,1
1755,pm,1,1
1756,engineer,0,0
1757,pm,0,0
1758,engineer,1,1
1759,engineer,0,1
1760,designer,1,0
1761,pm,0,0
1762,pm,0,0
1763,engineer,1,1
1764,engineer,1,0
1765,engineer,0,1
1766,designer,0,0
1767,pm,0,1
1768,designer,0,1
1769,engineer,1,1
1770,engineer,1,1
1771,pm,0,1
1772,engineer,1,0
1773,designer,0,1
1774,designer,1,0
1775,pm,0,1
1776,pm,0,0
1777,pm,0,0
1778,pm,0,0
1779,engineer,1,1
1780,pm,0,1
1781,engineer,1,1
1782,engineer,0,0
1783,engineer,1,1
1784,designer,0,0
1785,engineer,1,1
1786,designer,0,0
1787,pm,0,0
1788,engineer,1,1
1789,designer,0,1
1790,designer,0,0
1791,pm,0,0
1792,designer,0,0
1793,engineer,1,0
1794,engineer,0,1
1795,pm,1,0
1796,engineer,0,0
1797,designer,0,0
1798,engineer,1,1
1799,engineer,1,1
1800,designer,0,0
1801,engineer,0,1
1802,pm,0,0
1803,engineer,1,1
1804,pm,0,0
1805,pm,0,0
1806,pm,0,1
1807,engineer,0,1
1808,pm,1,1
1809,engineer,0,1
1810,engineer,1,1
1811,designer,0,0
1812,engineer,1,1
1813,pm,1,1
1814,engineer,0,1
1815,pm,0,0
1816,engineer,1,1
1817,engineer,1,1
1818,engineer,1,1
1819,designer,0,0
1820,engineer,0,0
1821,engineer,1,1
1822,designer,0,0
1823,engineer,0,1
1824,designer,0,0
1825,pm,0,0
1826,pm,1,0
1827,pm,0,0
1828,engineer,0,0
1829,pm,0,1
1830,engineer,1,0
1831,engineer,1,1
1832,engineer,1,1
1833,pm,0,0
1834,engineer,1,1
1835,designer,0,0
1836,designer,0,0
1837,engineer,0,1
1838,designer,0,1
1839,engineer,1,1
1840,engineer,1,1
1841,engineer,1,1
1842,engineer,0,1
1843,engineer,1,0
1844,engineer,1,1
1845,engineer,1,1
1846,designer,0,0
1847,engineer,1,0
1848,engineer,1,1
1849,engineer,0,1
1850,engineer,1,1
1851,engineer,1,1
1852,pm,0,1
1853,pm,1,1
1854,designer,0,0
1855,engineer,1,1
1856,engineer,1,1
1857,engineer,1,1
1858,designer,0,0
1859,pm,0,1
1860,pm,0,0
1861,pm,0,0
1862,engineer,1,0
1863,engineer,1,1
1864,engineer,0,1
1865,engineer,1,1
1866,engineer,0,1
1867,pm,0,1
1868,engineer,0,1
1869,engineer,0,1
1870,engineer,0,1
1871,engineer,0,0
1872,engineer,1,1
1873,engineer,1,1
1874,engineer,1,1
1875,pm,0,0
1876,engineer,1,1
1877,pm,0,0
1878,engineer,1,1
1879,engineer,0,0
1880,engineer,1,1
1881,engineer,1,1
1882,engineer,0,0
1883,engineer,1,0
1884,engineer,0,1
1885,engineer,1,1
1886,engineer,1,1
1887,designer,0,0
1888,designer,1,1
1889,pm,1,1
1890,engineer,0,0
1891,engineer,1,1
1892,engineer,1,0
1893,engineer,1,1
1894,designer,0,0
1895,engineer,1,1
1896,engineer,1,0
1897,designer,0,0
1898,engineer,1,1
1899,designer,0,0
1900,engineer,1,1
1901,engineer,1,1
1902,pm,0,0
1903,pm,0,1
1904,pm,0,0
1905,engineer,0,1
1906,pm,0,1
1907,engineer,1,0
1908,designer,0,0
1909,pm,0,1
1910,pm,0,0
1911,designer,1,0
1912,pm,0,0
1913,pm,0,0
1914,engineer,0,1
1915,engineer,0,1
1916,designer,0,1
1917,pm,0,0
1918,engineer,1,1
1919,engineer,1,1
1920,pm,0,0
1921,engineer,1,1
1922,engineer,1,1
1923,engineer,1,1
1924,engineer,1,1
1925,pm,0,1
1926,engineer,0,0
1927,engineer,1,1
1928,engineer,1,0
1929,pm,0,1
1930,engineer,1,1
1931,engineer,1,1
1932,pm,0,1
1933,engineer,1,1
1934,designer,0,1
1935,pm,0,0
1936,designer,0,0
1937,designer,0,0
1938,pm,0,0
1939,pm,1,0
1940,engineer,0,1
1941,engineer,1,1
1942,pm,0,1
1943,engineer,1,1
1944,designer,0,0
1945,engineer,1,1
1946,engineer,1,1
1947,pm,0,0
1948,pm,1,0
1949,engineer,0,1
1950,designer,0,0
1951,engineer,1,0
1952,pm,0,0
1953,engineer,1,1
1954,engineer,1,1
1955,engineer,1,1
1956,engineer,0,1
1957,designer,1,1
1958,engineer,0,0
1959,designer,0,0
1960,engineer,1,0
1961,engineer,0,1
1962,pm,0,0
1963,pm,1,0
1964,engineer,0,0
1965,engineer,1,1
1966,pm,0,1
1967,engineer,1,1
1968,pm,0,0
1969,pm,0,0
1970,engineer,0,1
1971,designer,0,1
1972,engineer,1,1
1973,pm,1,0
1974,pm,1,0
1975,pm,0,1
1976,engineer,0,1
1977,engineer,1,1
1978,designer,0,0
1979,engineer,1,1
1980,engineer,1,1
1981,pm,0,1
1982,engineer,0,1
1983,designer,0,0
1984,engineer,1,1
1985,engineer,1,0
1986,designer,0,1
1987,engineer,0,1
1988,engineer,1,0
1989,pm,0,0
1990,pm,0,1
1991,engineer,1,0
1992,engineer,1,1
1993,engineer,0,1
1994,engineer,1,1
1995,pm,0,0
1996,designer,0,0
1997,pm,0,1
1998,designer,1,0
1999,engineer,1,1
2000,engineer,1,0
2001,pm,0,0
2002,pm,1,1
2003,pm,0,0
2004,pm,0,0
2005,engineer,1,1
2006,engineer,0,0
2007,engineer,1,1
2008,pm,0,0
2009,engineer,0,0
2010,designer,0,0
2011,engineer,0,1
2012,engineer,1,1
2013,pm,1,0
2014,pm,0,0
2015,engineer,1,1
2016,engineer,0,0
2017,engineer,1,1
2018,pm,0,1
2019,pm,0,0
2020,engineer,0,1
2021,designer,0,1
2022,engineer,1,1
2023,pm,1,0
2024,engineer,1,0
2025,designer,1,1
2026,engineer,1,1
2027,engineer,1,1
2028,engineer,0,1
2029,engineer,0,1
2030,engineer,1,0
2031,engineer,1,1
2032,pm,0,1
2033,engineer,1,0
2034,pm,0,0
2035,engineer,1,1
2036,engineer,0,1
2037,pm,1,1
2038,engineer,1,1
2039,engineer,1,1
2040,engineer,1,1
2041,engineer,1,0
2042,engineer,0,0
2043,designer,0,0
2044,pm,0,0
2045,designer,1,1
2046,engineer,1,0
2047,engineer,0,1
2048,engineer,0,1
2049,designer,1,0
2050,engineer,0,1
2051,pm,0,0
2052,designer,1,0
2053,pm,0,1
2054,engineer,1,1
2055,designer,1,1
2056,pm,0,1
2057,engineer,1,1
2058,pm,1,1
2059,pm,0,0
2060,pm,0,0
2061,designer,0,0
2062,pm,0,0
2063,designer,0,1
2064,engineer,0,1
2065,engineer,1,0
2066,engineer,1,1
2067,engineer,0,1
2068,engineer,1,0
2069,engineer,1,1
2070,pm,1,0
2071,engineer,0,0
2072,engineer,1,1
2073,pm,1,0
2074,designer,0,1
2075,engineer,1,1
2076,designer,1,0
2077,engineer,0,1
2078,engineer,0,0
2079,engineer,1,1
2080,engineer,1,1
2081,pm,0,1
2082,pm,0,0
2083,engineer,1,1
2084,designer,0,0
2085,pm,1,0
2086,pm,1,1
2087,engineer,1,1
2088,engineer,0,0
2089,designer,0,0
2090,pm,0,0
2091,engineer,1,0
2092,engineer,1,1
2093,pm,0,0
2094,pm,1,1
2095,pm,0,0
2096,pm,0,0
2097,engineer,1,0
2098,engineer,0,1
2099,engineer,1,1
2100,engineer,1,1
2101,pm,0,1
2102,pm,0,1
2103,engineer,0,1
2104,engineer,1,1
2105,engineer,1,1
2106,engineer,1,1
2107,engineer,0,1
2108,designer,0,0
2109,engineer,0,1
2110,pm,0,0
2111,designer,0,0
2112,pm,0,1
2113,engineer,0,1
2114,engineer,0,0
2115,designer,0,0
2116,engineer,1,1
2117,engineer,1,1
2118,engineer,0,1
2119,engineer,1,1
2120,engineer,0,1
2121,pm,0,0
2122,designer,1,0
2123,engineer,0,1
2124,pm,0,0
2125,engineer,0,1
2126,pm,0,0
2127,pm,0,0
2128,engineer,1,1
2129,designer,1,0
2130,pm,1,1
2131,engineer,1,1
2132,engineer,1,1
2133,designer,0,0
2134,engineer,0,0
2135,engineer,1,1
2136,engineer,0,1
2137,pm,0,0
2138,designer,0,0
2139,engineer,1,1
2140,pm,0,0
2141,pm,0,0
2142,designer,0,0
2143,engineer,1,0
2144,designer,0,0
2145,pm,0,0
2146,engineer,1,0
2147,designer,0,1
2148,pm,0,1
2149,designer,0,0
2150,designer,0,0
2151,pm,1,1
2152,pm,0,0
2153,engineer,1,1
2154,engineer,1,1
2155,pm,0,1
2156,pm,0,0
2157,engineer,1,1
2158,engineer,1,1
2159,designer,0,0
2160,pm,0,1
2161,pm,0,0
2162,engineer,0,1
2163,pm,1,0
2164,engineer,0,0
2165,pm,1,0
2166,pm,0,0
2167,engineer,1,1
2168,engineer,1,1
2169,pm,0,0
2170,engineer,1,1
2171,pm,0,1
2172,engineer,0,1
2173,pm,0,0
2174,engineer,0,0
2175,engineer,0,0
2176,pm,0,0
2177,engineer,1,0
2178,engineer,1,1
2179,pm,0,0
2180,designer,0,0
2181,pm,0,0
2182,engineer,0,0
2183,designer,0,1
2184,engineer,1,0
2185,engineer,1,1
2186,engineer,0,1
2187,designer,0,0
2188,engineer,1,1
2189,designer,0,1
2190,engineer,1,0
2191,designer,0,0
2192,pm,0,1
2193,engineer,0,1
2194,engineer,1,0
2195,pm,0,0
2196,engineer,1,1
2197,pm,0,0
2198,engineer,1,1
2199,engineer,1,1
2200,engineer,0,1
2201,designer,0,0
2202,pm,0,0
2203,pm,0,0
2204,pm,0,0
2205,designer,1,0
2206,engineer,1,1
2207,pm,0,0
2208,engineer,0,1
2209,engineer,1,0
2210,engineer,0,0
2211,designer,1,0
2212,engineer,1,1
2213,pm,0,0
2214,pm,0,0
2215,engineer,0,1
2216,pm,0,0
2217,engineer,1,1
2218,engineer,0,1
2219,engineer,1,1
2220,designer,1,1
2221,engineer,1,1
2222,designer,0,0
2223,engineer,1,1
2224,pm,0,0
2225,designer,0,0
2226,engineer,0,0
2227,designer,0,1
2228,pm,0,1
2229,pm,0,0
2230,engineer,1,1
2231,engineer,1,1
2232,pm,0,0
2233,engineer,0,1
2234,designer,0,1
2235,pm,1,1
2236,designer,0,0
2237,pm,0,0
2238,engineer,1,0
2239,pm,0,1
2240,engineer,0,0
2241,pm,0,1
2242,designer,1,1
2243,engineer,1,0
2244,pm,0,0
2245,engineer,0,1
2246,pm,0,0
2247,pm,0,1
2248,designer,0,0
2249,pm,0,0
2250,engineer,1,1
2251,engineer,1,1
2252,engineer,0,1
2253,engineer,1,1
2254,designer,0,0
2255,pm,0,0
2256,pm,1,1
2257,designer,0,0
2258,engineer,1,1
2259,engineer,0,1
2260,pm,1,1
2261,designer,1,0
2262,engineer,1,1
2263,engineer,1,0
2264,engineer,0,0
2265,pm,0,0
2266,designer,1,0
2267,pm,0,1
2268,pm,1,1
2269,engineer,1,1
2270,engineer,1,1
2271,engineer,1,1
2272,engineer,1,1
2273,engineer,1,1
2274,engineer,0,1
2275,engineer,1,0
2276,designer,1,1
2277,pm,0,0
2278,pm,1,1
2279,engineer,1,1
2280,engineer,0,0
2281,designer,0,1
2282,designer,0,1
2283,engineer,0,0
2284,designer,1,1
2285,engineer,0,1
2286,engineer,1,1
2287,pm,1,0
2288,engineer,1,1
2289,pm,0,0
2290,engineer,0,1
2291,designer,0,0
2292,pm,0,0
2293,pm,0,1
2294,pm,0,0
2295,engineer,1,1
2296,designer,0,1
2297,engineer,1,1
2298,engineer,0,1
2299,engineer,1,1
2300,designer,1,1
2301,designer,0,0
2302,pm,1,1
2303,designer,0,0
2304,pm,0,1
2305,pm,0,1
2306,designer,0,0
2307,pm,0,0
2308,engineer,1,1
2309,engineer,0,1
2310,pm,0,1
2311,designer,0,0
2312,engineer,1,1
2313,engineer,0,1
2314,designer,1,0
2315,engineer,0,1
2316,engineer,1,1
2317,engineer,0,1
2318,engineer,1,1
2319,engineer,1,0
2320,engineer,1,1
2321,designer,0,0
2322,designer,0,0
2323,engineer,1,1
2324,engineer,1,1
2325,engineer,1,1
2326,engineer,1,0
2327,designer,0,0
2328,engineer,1,1
2329,engineer,1,1
2330,pm,0,0
2331,engineer,0,1
2332,engineer,1,1
2333,pm,0,0
2334,engineer,1,1
2335,designer,1,0
2336,pm,0,0
2337,pm,0,0
2338,engineer,1,1
2339,pm,1,1
2340,pm,0,1
2341,designer,0,1
2342,engineer,0,1
2343,engineer,1,1
2344,pm,1,1
2345,designer,0,0
2346,pm,0,0
2347,engineer,0,0
2348,pm,0,0
2349,pm,0,0
2350,designer,0,0
2351,engineer,1,0
2352,designer,0,0
2353,engineer,1,1
2354,designer,0,0
2355,designer,0,1
2356,designer,0,1
2357,pm,0,0
2358,engineer,1,1
2359,engineer,1,0
2360,pm,1,1
2361,pm,1,0
2362,pm,0,1
2363,pm,0,1
2364,designer,0,0
2365,engineer,1,0
2366,engineer,1,1
2367,pm,0,1
2368,engineer,0,1
2369,engineer,1,1
2370,engineer,0,0
2371,engineer,0,1
2372,engineer,1,1
2373,designer,0,0
2374,pm,0,0
2375,pm,0,0
2376,designer,0,0
2377,pm,0,0
2378,pm,0,0
2379,engineer,1,1
2380,engineer,1,1
2381,engineer,1,1
2382,designer,0,0
2383,pm,0,1
2384,engineer,1,0
2385,pm,1,0
2386,designer,1,0
2387,engineer,1,1
2388,pm,0,0
2389,engineer,1,0
2390,engineer,1,1
2391,engineer,0,1
2392,engineer,1,1
2393,designer,0,0
2394,pm,0,0
2395,designer,0,1
2396,engineer,1,1
2397,pm,1,1
2398,engineer,1,0
2399,designer,0,0
2400,engineer,0,0
2401,designer,0,0
2402,engineer,1,1
2403,pm,0,0
2404,pm,0,0
2405,engineer,0,1
2406,engineer,0,1
2407,engineer,1,1
2408,engineer,0,1
2409,engineer,1,1
2410,engineer,1,1
2411,designer,0,0
2412,designer,0,1
2413,engineer,1,1
2414,pm,0,1
2415,engineer,0,1
2416,pm,1,1
2417,engineer,0,1
2418,pm,0,1
2419,designer,0,0
2420,pm,0,1
2421,engineer,1,0
2422,designer,1,1
2423,engineer,1,1
2424,engineer,0,1
2425,engineer,1,1
2426,designer,0,0
2427,designer,0,0
2428,engineer,0,1
2429,pm,0,0
2430,engineer,1,0
2431,pm,0,0
2432,designer,0,0
2433,engineer,0,0
2434,pm,1,1
2435,designer,0,0
2436,engineer,0,1
2437,pm,0,0
2438,designer,0,1
2439,designer,1,0
2440,designer,0,0
2441,designer,0,0
2442,pm,0,1
2443,designer,0,0
2444,engineer,1,1
2445,engineer,1,0
2446,engineer,0,0
2447,pm,0,1
2448,engineer,0,0
2449,engineer,1,1
2450,pm,0,1
2451,engineer,1,1
2452,pm,0,0
2453,pm,0,0
2454,designer,0,0
2455,pm,0,0
2456,pm,0,0
2457,pm,0,0
2458,engineer,1,0
2459,engineer,0,1
2460,pm,0,0
2461,pm,0,1
2462,engineer,0,0
2463,pm,1,0
2464,engineer,1,1
2465,designer,0,0
2466,engineer,0,1
2467,engineer,1,1
2468,designer,0,0
2469,engineer,1,1
2470,engineer,1,0
2471,engineer,0,0
2472,pm,0,1
2473,engineer,0,1
2474,engineer,1,0
2475,engineer,1,1
2476,engineer,1,0
2477,pm,1,0
2478,designer,0,0
2479,pm,1,0
2480,pm,0,0
2481,designer,0,0
2482,pm,0,1
2483,pm,0,0
2484,pm,0,0
2485,engineer,1,1
2486,pm,1,1
2487,designer,1,1
2488,engineer,1,1
2489,engineer,0,1
2490,designer,0,0
2491,pm,0,1
2492,engineer,1,1
2493,engineer,1,1
2494,engineer,1,1
2495,designer,1,0
2496,engineer,1,1
2497,pm,1,0
2498,engineer,0,1
2499,pm,0,0
2500,pm,0,0
2501,engineer,0,1
2502,pm,0,0
2503,designer,0,1
2504,pm,1,1
2505,engineer,1,1
2506,engineer,1,1
2507,engineer,0,1
2508,engineer,1,0
2509,engineer,1,0
2510,pm,0,0
2511,engineer,1,1
2512,pm,0,1
2513,pm,0,0
2514,pm,0,0
2515,pm,0,0
2516,designer,0,1
2517,engineer,0,1
2518,engineer,1,1
2519,engineer,1,1
2520,designer,1,0
2521,engineer,0,0
2522,engineer,1,1
2523,designer,0,1
2524,engineer,1,1
2525,designer,0,1
2526,engineer,0,0
2527,pm,0,0
2528,engineer,1,1
2529,engineer,1,0
2530,pm,0,0
2531,engineer,1,1
2532,pm,0,0
2533,designer,0,0
2534,pm,0,0
2535,designer,0,0
2536,engineer,0,1
2537,designer,0,0
2538,engineer,1,1
2539,pm,1,0
2540,pm,0,0
2541,pm,1,1
2542,engineer,1,1
2543,engineer,1,1
2544,designer,1,0
2545,engineer,1,1
2546,pm,0,1
2547,designer,0,0
2548,engineer,1,0
2549,engineer,1,1
2550,pm,0,0
2551,designer,0,0
2552,engineer,1,1
2553,engineer,0,1
2554,engineer,0,0
2555,designer,1,1
2556,designer,0,0
2557,engineer,0,1
2558,engineer,1,0
2559,pm,0,1
2560,engineer,0,1
2561,pm,0,1
2562,pm,0,0
2563,designer,0,0
2564,pm,0,0
2565,engineer,1,1
2566,engineer,1,1
2567,pm,0,1
2568,pm,1,1
2569,engineer,1,1
2570,designer,0,0
2571,engineer,0,1
2572,engineer,1,1
2573,pm,0,1
2574,pm,0,0
2575,engineer,1,1
2576,engineer,1,1
2577,engineer,1,1
2578,engineer,1,1
2579,pm,0,0
2580,engineer,1,1
2581,designer,0,0
2582,engineer,1,0
2583,pm,0,1
2584,designer,0,0
2585,pm,1,0
2586,pm,0,0
2587,designer,0,1
2588,designer,0,1
2589,pm,1,0
2590,pm,1,1
2591,engineer,0,1
2592,pm,1,0
2593,pm,0,1
2594,pm,0,0
2595,pm,1,0
2596,engineer,0,1
2597,engineer,0,1
2598,engineer,1,1
2599,pm,0,0
2600,pm,1,0
2601,pm,0,0
2602,engineer,0,1
2603,engineer,1,1
2604,engineer,1,1
2605,pm,1,1
2606,pm,0,0
2607,pm,0,0
2608,pm,0,0
2609,engineer,0,0
2610,engineer,1,1
2611,engineer,1,1
2612,engineer,1,0
2613,engineer,0,1
2614,engineer,0,0
2615,engineer,1,0
2616,designer,0,1
2617,pm,0,0
2618,pm,0,0
2619,engineer,1,1
2620,designer,0,1
2621,pm,1,1
2622,pm,0,0
2623,pm,0,0
2624,pm,0,1
2625,pm,0,1
2626,designer,0,1
2627,engineer,0,1
2628,engineer,1,1
2629,engineer,1,1
2630,engineer,1,1
2631,pm,1,1
2632,pm,0,0
2633,designer,0,1
2634,engineer,1,1
2635,engineer,1,0
2636,engineer,0,0
2637,pm,0,1
2638,pm,0,0
2639,engineer,0,0
2640,engineer,0,0
2641,designer,0,0
2642,pm,0,0
2643,engineer,1,1
2644,pm,0,0
2645,engineer,1,0
2646,engineer,0,1
2647,designer,0,0
2648,engineer,1,1
2649,designer,1,1
2650,pm,0,0
2651,engineer,1,1
2652,engineer,1,1
2653,pm,0,1
2654,engineer,1,1
2655,engineer,0,1
2656,designer,0,1
2657,engineer,1,1
2658,engineer,1,1
2659,designer,0,0
2660,engineer,1,1
2661,engineer,1,1
2662,pm,0,1
2663,engineer,0,1
2664,engineer,0,0
2665,pm,1,0
2666,pm,1,0
2667,pm,0,0
2668,designer,1,1
2669,engineer,1,0
2670,engineer,1,1
2671,engineer,0,1
2672,engineer,1,0
2673,engineer,1,1
2674,engineer,1,1
2675,designer,0,1
2676,pm,0,0
2677,designer,1,0
2678,designer,1,0
2679,designer,0,0
2680,engineer,1,1
2681,pm,0,0
2682,engineer,1,1
2683,designer,0,0
2684,pm,0,1
2685,pm,0,0
2686,engineer,1,0
2687,designer,1,0
2688,engineer,1,1
2689,pm,0,0
2690,engineer,1,1
2691,engineer,1,0
2692,pm,0,0
2693,engineer,0,0
2694,engineer,0,1
2695,engineer,1,1
2696,pm,0,0
2697,designer,0,0
2698,engineer,1,0
2699,engineer,1,1
2700,designer,1,0
2701,engineer,1,1
2702,pm,0,1
2703,engineer,0,1
2704,engineer,1,1
2705,pm,0,0
2706,engineer,1,1
2707,engineer,1,1
2708,engineer,0,1
2709,engineer,0,1
2710,engineer,1,1
2711,engineer,1,1
2712,designer,0,1
2713,pm,0,0
2714,engineer,0,1
2715,engineer,1,1
2716,engineer,1,1
2717,designer,0,1
2718,engineer,0,1
2719,pm,0,1
2720,designer,1,0
2721,pm,0,1
2722,pm,1,0
2723,designer,1,0
2724,engineer,1,1
2725,engineer,1,1
2726,pm,1,1
2727,engineer,0,1
2728,designer,1,0
2729,pm,0,0
2730,engineer,1,1
2731,engineer,1,0
2732,engineer,0,1
2733,pm,0,0
2734,engineer,1,0
2735,pm,1,0
2736,engineer,1,1
2737,designer,0,0
2738,designer,0,1
2739,pm,0,1
2740,pm,0,0
2741,pm,1,1
2742,designer,0,0
2743,engineer,0,1
2744,engineer,0,0
2745,designer,0,0
2746,engineer,1,0
2747,pm,0,0
2748,designer,1,0
2749,designer,0,1
2750,engineer,1,1
2751,pm,1,1
2752,pm,0,1
2753,designer,0,0
2754,pm,0,0
2755,engineer,1,0
2756,engineer,0,1
2757,pm,1,0
2758,engineer,0,0
2759,engineer,1,1
2760,engineer,1,1
2761,engineer,1,1
2762,engineer,1,1
2763,engineer,1,1
2764,engineer,1,0
2765,pm,0,1
2766,designer,0,0
2767,engineer,1,1
2768,designer,0,1
2769,engineer,1,1
2770,pm,0,1
2771,pm,0,0
2772,engineer,1,1
2773,engineer,1,0
2774,engineer,1,1
2775,engineer,1,0
2776,engineer,1,1
2777,pm,1,1
2778,pm,0,1
2779,engineer,0,1
2780,designer,0,0
2781,engineer,1,1
2782,engineer,1,1
2783,pm,0,1
2784,engineer,0,1
2785,pm,0,0
2786,engineer,1,1
2787,engineer,1,1
2788,engineer,0,1
2789,engineer,1,1
2790,engineer,0,0
2791,engineer,1,1
2792,engineer,1,1
2793,pm,0,0
2794,designer,0,0
2795,engineer,1,1
2796,pm,0,0
2797,engineer,0,1
2798,pm,0,1
2799,engineer,1,1
2800,engineer,1,1
2801,pm,0,0
2802,engineer,1,1
2803,pm,0,0
2804,designer,0,0
2805,engineer,0,0
2806,pm,0,0
2807,engineer,0,1
2808,designer,0,0
2809,pm,0,1
2810,pm,0,1
2811,designer,0,1
2812,engineer,1,1
2813,engineer,0,1
2814,engineer,0,1
2815,engineer,0,1
2816,engineer,1,1
2817,pm,0,0
2818,designer,0,0
2819,pm,0,1
2820,designer,1,1
2821,designer,0,1
2822,pm,0,0
2823,pm,0,0
2824,engineer,1,0
2825,pm,1,1
2826,engineer,0,1
2827,engineer,0,0
2828,engineer,0,1
2829,pm,0,0
2830,engineer,0,1
2831,pm,0,0
2832,pm,1,1
2833,engineer,1,0
2834,pm,0,1
2835,engineer,1,1
2836,engineer,1,0
2837,engineer,1,1
2838,engineer,1,1
2839,pm,0,0
2840,pm,0,1
2841,pm,0,0
2842,engineer,1,0
2843,designer,0,0
2844,engineer,1,1
2845,engineer,1,1
2846,designer,1,1
2847,designer,0,0
2848,engineer,0,1
2849,engineer,1,1
2850,pm,0,0
2851,engineer,1,1
2852,pm,0,1
2853,engineer,1,1
2854,engineer,0,1
2855,engineer,1,1
2856,engineer,1,0
2857,engineer,1,1
2858,engineer,1,1
2859,pm,0,0
2860,pm,0,0
2861,engineer,1,0
2862,engineer,1,1
2863,engineer,0,0
2864,engineer,1,1
2865,engineer,0,1
2866,engineer,1,0
2867,pm,0,0
2868,engineer,0,1
2869,engineer,1,0
2870,engineer,1,1
2871,engineer,0,1
2872,pm,1,0
2873,engineer,0,0
2874,pm,0,1
2875,engineer,1,1
2876,designer,0,0
2877,pm,1,1
2878,pm,0,1
2879,engineer,1,1
2880,engineer,1,1
2881,engineer,0,1
2882,engineer,1,1
2883,engineer,1,1
2884,designer,1,1
2885,engineer,1,1
2886,engineer,1,1
2887,engineer,0,0
2888,engineer,1,0
2889,pm,0,0
2890,engineer,0,1
2891,pm,0,0
2892,engineer,1,1
2893,engineer,0,1
2894,pm,0,1
2895,engineer,1,1
2896,engineer,0,0
2897,designer,0,0
2898,pm,0,1
2899,engineer,1,0
2900,engineer,1,0
2901,engineer,0,1
2902,engineer,1,1
2903,engineer,1,1
2904,engineer,1,1
2905,pm,1,1
2906,designer,0,0
2907,designer,0,1
2908,pm,0,0
2909,pm,0,0
2910,designer,0,0
2911,engineer,1,0
2912,engineer,0,1
2913,pm,0,0
2914,designer,0,1
2915,engineer,0,0
2916,pm,1,0
2917,designer,1,0
2918,engineer,1,1
2919,engineer,1,1
2920,engineer,1,1
2921,pm,0,0
2922,engineer,1,0
2923,engineer,1,1
2924,engineer,1,1
2925,engineer,1,1
2926,pm,0,0
2927,engineer,1,1
2928,engineer,0,1
2929,engineer,1,1
2930,engineer,1,0
2931,engineer,0,0
2932,designer,0,1
2933,engineer,1,1
2934,designer,0,0
2935,engineer,0,1
2936,engineer,1,1
2937,engineer,1,1
2938,engineer,0,0
2939,engineer,1,1
2940,pm,0,1
2941,engineer,1,1
2942,engineer,0,1
2943,engineer,1,0
2944,engineer,1,1
2945,engineer,1,1
2946,pm,1,1
2947,engineer,1,1
2948,designer,0,0
2949,designer,1,0
2950,engineer,1,1
2951,pm,1,0
2952,engineer,1,1
2953,engineer,1,0
2954,engineer,1,1
2955,designer,0,0
2956,engineer,1,1
2957,engineer,1,1
2958,engineer,1,1
2959,designer,0,0
2960,engineer,1,1
2961,engineer,1,1
2962,engineer,0,1
2963,pm,0,0
2964,pm,0,0
2965,designer,0,1
2966,engineer,1,1
2967,engineer,1,1
2968,pm,1,1
2969,designer,1,1
2970,pm,0,0
2971,pm,1,1
2972,designer,0,0
2973,engineer,0,1
2974,designer,0,0
2975,designer,0,1
2976,pm,0,0
2977,pm,0,0
2978,engineer,1,1
2979,engineer,1,1
2980,engineer,0,0
2981,engineer,1,1
2982,pm,0,0
2983,engineer,1,1
2984,pm,0,1
2985,engineer,1,1
2986,pm,0,0
2987,designer,0,0
2988,designer,1,0
2989,engineer,1,1
2990,pm,0,0
2991,engineer,0,1
2992,engineer,1,1
2993,pm,0,1
2994,engineer,0,1
2995,pm,1,0
2996,engineer,1,1
2997,designer,0,0
2998,engineer,1,1
2999,engineer,1,1
3000,engineer,1,1
3001,engineer,1,1
3002,engineer,1,1
3003,engineer,0,0
3004,engineer,0,1
3005,engineer,0,1
3006,designer,0,0
3007,pm,1,0
3008,engineer,0,1
3009,pm,0,0
3010,engineer,1,0
3011,pm,0,1
3012,engineer,0,1
3013,pm,0,0
3014,engineer,0,1
3015,engineer,0,1
3016,designer,0,0
3017,engineer,1,0
3018,pm,0,1
3019,pm,0,1
3020,engineer,0,1
3021,engineer,1,1
3022,engineer,0,0
3023,engineer,1,1
3024,engineer,1,1
3025,engineer,1,1
3026,pm,0,0
3027,engineer,0,0
3028,designer,0,0
3029,pm,0,0
3030,engineer,1,1
3031,designer,0,0
3032,engineer,1,1
3033,pm,0,0
3034,pm,0,0
3035,pm,0,0
3036,engineer,1,0
3037,pm,1,0
3038,engineer,1,1
3039,engineer,1,1
3040,engineer,1,1
3041,designer,0,0
3042,pm,0,0
3043,designer,0,0
3044,pm,0,1
3045,pm,1,1
3046,engineer,1,1
3047,engineer,1,1
3048,pm,0,0
3049,engineer,1,1
3050,engineer,1,1
3051,designer,1,0
3052,engineer,1,0
3053,engineer,0,1
3054,pm,0,1
3055,designer,0,0
3056,engineer,0,1
3057,designer,0,0
3058,engineer,1,1
3059,engineer,0,1
3060,pm,0,0
3061,engineer,1,1
3062,designer,0,1
3063,pm,0,0
3064,designer,0,1
3065,pm,1,1
3066,designer,0,0
3067,engineer,1,1
3068,engineer,0,1
3069,engineer,0,1
3070,engineer,1,1
3071,designer,0,0
3072,engineer,1,1
3073,pm,0,0
3074,pm,0,0
3075,engineer,1,1
3076,engineer,1,1
3077,engineer,1,1
3078,engineer,1,0
3079,engineer,0,1
3080,engineer,1,0
3081,designer,0,0
3082,engineer,1,1
3083,designer,0,0
3084,designer,0,0
3085,designer,0,0
3086,pm,0,0
3087,designer,0,0
3088,engineer,1,1
3089,engineer,1,1
3090,pm,0,0
3091,designer,0,1
3092,engineer,1,1
3093,engineer,1,1
3094,pm,0,1
3095,pm,1,1
3096,engineer,1,1
3097,designer,0,0
3098,engineer,0,0
3099,pm,0,0
3100,pm,0,0
3101,designer,1,0
3102,engineer,1,1
3103,engineer,1,0
3104,engineer,1,1
3105,engineer,1,1
3106,designer,0,1
3107,engineer,0,0
3108,engineer,1,0
3109,designer,0,1
3110,engineer,1,1
3111,engineer,0,1
3112,pm,0,0
3113,pm,0,0
3114,engineer,1,1
3115,engineer,1,1
3116,pm,0,0
3117,engineer,0,0
3118,engineer,1,0
3119,pm,0,0
3120,engineer,1,1
3121,pm,0,0
3122,engineer,1,0
3123,engineer,0,1
3124,designer,0,0
3125,designer,0,0
3126,engineer,1,1
3127,engineer,1,1
3128,engineer,1,1
3129,designer,1,1
3130,designer,1,0
3131,designer,0,1
3132,pm,0,0
3133,designer,1,1
3134,designer,0,0
3135,engineer,1,1
3136,engineer,1,0
3137,pm,0,0
3138,pm,0,0
3139,engineer,1,1
3140,engineer,0,1
3141,engineer,0,0
3142,engineer,1,1
3143,pm,0,0
3144,engineer,1,1
3145,designer,0,0
3146,engineer,1,1
3147,pm,1,0
3148,engineer,1,1
3149,engineer,1,0
3150,engineer,1,1
3151,engineer,0,1
3152,pm,0,1
3153,pm,0,1
3154,pm,0,0
3155,engineer,1,1
3156,engineer,1,1
3157,pm,1,0
3158,engineer,1,0
3159,engineer,0,1
3160,pm,0,1
3161,pm,0,1
3162,engineer,1,0
3163,designer,0,0
3164,designer,0,0
3165,engineer,1,0
3166,pm,1,1
3167,designer,1,1
3168,engineer,1,1
3169,pm,1,0
3170,engineer,0,0
3171,engineer,1,1
3172,designer,0,1
3173,pm,0,0
3174,engineer,1,1
3175,pm,0,0
3176,engineer,0,1
3177,engineer,1,1
3178,pm,0,0
3179,engineer,1,1
3180,engineer,0,1
3181,designer,0,0
3182,pm,0,0
3183,pm,1,0
3184,pm,0,1
3185,designer,0,0
3186,engineer,1,0
3187,engineer,0,0
3188,engineer,0,0
3189,engineer,0,1
3190,designer,1,0
3191,pm,1,1
3192,designer,0,0
3193,engineer,1,1
3194,designer,0,0
3195,designer,0,0
3196,pm,1,0
3197,engineer,1,1
3198,pm,0,1
3199,engineer,1,1
3200,pm,0,0
3201,designer,0,0
3202,engineer,1,1
3203,designer,1,0
3204,designer,0,0
3205,pm,0,0
3206,engineer,1,0
3207,designer,0,0
3208,engineer,0,0
3209,pm,0,1
3210,engineer,0,0
3211,pm,0,1
3212,pm,0,0
3213,pm,0,1
3214,pm,1,0
3215,engineer,1,1
3216,pm,1,0
3217,engineer,1,1
3218,engineer,1,1
3219,designer,1,0
3220,engineer,1,1
3221,pm,0,0
3222,pm,0,1
3223,engineer,1,1
3224,engineer,1,1
3225,designer,0,1
3226,engineer,1,1
3227,engineer,1,0
3228,engineer,1,1
3229,designer,0,1
3230,engineer,1,1
3231,pm,0,0
3232,engineer,1,1
3233,engineer,1,0
3234,engineer,1,1
3235,engineer,1,1
3236,engineer,1,1
3237,designer,0,0
3238,pm,0,1
3239,engineer,1,1
3240,engineer,1,0
3241,designer,1,1
3242,pm,0,1
3243,engineer,0,1
3244,designer,0,1
3245,engineer,0,1
3246,pm,0,1
3247,pm,1,1
3248,designer,0,0
3249,engineer,0,1
3250,pm,0,0
3251,engineer,1,0
3252,pm,0,0
3253,engineer,1,1
3254,engineer,1,1
3255,engineer,1,0
3256,pm,1,0
3257,engineer,1,1
3258,designer,0,0
3259,pm,0,0
3260,engineer,1,1
3261,pm,1,0
3262,pm,0,0
3263,engineer,1,0
3264,pm,0,1
3265,pm,1,0
3266,engineer,1,1
3267,engineer,1,1
3268,pm,0,0
3269,designer,0,1
3270,engineer,1,1
3271,engineer,0,1
3272,pm,0,0
3273,pm,0,1
3274,pm,1,0
3275,engineer,0,1
3276,engineer,1,1
3277,designer,0,0
3278,designer,0,1
3279,engineer,1,1
3280,designer,0,0
3281,engineer,1,0
3282,designer,0,0
3283,pm,0,0
3284,engineer,0,1
3285,engineer,1,1
3286,engineer,0,1
3287,designer,0,0
3288,pm,0,1
3289,engineer,1,1
3290,designer,0,1
3291,designer,0,0
3292,pm,0,0
3293,pm,0,0
3294,pm,1,0
3295,engineer,1,0
3296,pm,0,0
3297,engineer,1,1
3298,pm,1,0
3299,engineer,0,1
3300,engineer,1,1
3301,pm,0,1
3302,engineer,0,0
3303,designer,1,0
3304,engineer,1,0
3305,engineer,1,1
3306,engineer,0,1
3307,engineer,0,1
3308,pm,0,0
3309,engineer,1,1
3310,pm,0,0
3311,engineer,1,1
3312,designer,0,0
3313,pm,1,0
3314,designer,0,0
3315,designer,1,0
3316,pm,0,0
3317,pm,0,1
3318,engineer,1,1
3319,pm,0,0
3320,designer,0,0
3321,pm,0,1
3322,engineer,0,0
3323,engineer,1,0
3324,pm,0,0
3325,pm,0,1
3326,designer,0,0
3327,engineer,1,1
3328,pm,0,1
3329,designer,1,1
3330,pm,0,0
3331,pm,0,0
3332,pm,0,0
3333,designer,0,0
3334,engineer,1,1
3335,engineer,0,1
3336,pm,0,0
3337,pm,0,1
3338,engineer,0,0
3339,pm,0,0
3340,pm,0,0
3341,pm,0,0
3342,engineer,1,0
3343,engineer,1,1
3344,pm,0,0
3345,pm,0,0
3346,engineer,0,1
3347,pm,1,0
3348,designer,1,0
3349,designer,0,1
3350,designer,0,0
3351,pm,0,0
3352,pm,0,0
3353,designer,1,1
3354,engineer,1,1
3355,designer,0,0
3356,engineer,1,1
3357,engineer,1,1
3358,designer,1,1
3359,engineer,0,0
3360,pm,1,1
3361,designer,0,1
3362,engineer,1,1
3363,engineer,1,1
3364,pm,0,1
3365,designer,1,0
3366,designer,0,0
3367,pm,1,0
3368,engineer,0,1
3369,engineer,1,1
3370,engineer,1,1
3371,pm,1,0
3372,engineer,0,1
3373,engineer,1,0
3374,engineer,1,1
3375,pm,0,0
3376,pm,0,0
3377,engineer,0,0
3378,engineer,1,1
3379,designer,1,1
3380,designer,0,0
3381,engineer,1,0
3382,engineer,1,1
3383,engineer,1,1
3384,pm,0,0
3385,engineer,1,1
3386,engineer,1,0
3387,designer,0,0
3388,designer,0,1
3389,pm,0,1
3390,pm,0,0
3391,engineer,1,1
3392,designer,0,0
3393,pm,1,0
3394,designer,0,0
3395,engineer,1,1
3396,pm,0,0
3397,engineer,1,1
3398,engineer,1,1
3399,engineer,1,1
3400,engineer,1,1
3401,pm,0,1
3402,engineer,1,0
3403,pm,0,1
3404,engineer,0,1
3405,designer,0,1
3406,pm,0,1
3407,pm,1,1
3408,designer,0,1
3409,pm,0,0
3410,pm,0,0
3411,pm,1,1
3412,engineer,1,1
3413,designer,1,0
3414,engineer,1,1
3415,designer,0,0
3416,pm,0,0
3417,pm,0,0
3418,pm,0,0
3419,engineer,1,1
3420,pm,1,1
3421,pm,0,1
3422,pm,0,1
3423,designer,0,0
3424,designer,0,0
3425,engineer,1,1
3426,pm,1,1
3427,pm,0,0
3428,designer,0,1
3429,engineer,1,0
3430,engineer,1,1
3431,pm,0,0
3432,engineer,1,0
3433,pm,0,0
3434,pm,1,0
3435,pm,0,0
3436,designer,0,0
3437,engineer,0,0
3438,engineer,1,0
3439,designer,0,0
3440,engineer,1,1
3441,engineer,1,1
3442,engineer,0,1
3443,pm,0,0
3444,engineer,1,1
3445,engineer,0,1
3446,engineer,1,1
3447,engineer,1,1
3448,pm,1,1
3449,engineer,1,0
3450,designer,0,0
3451,engineer,1,1
3452,engineer,1,1
3453,engineer,1,1
3454,designer,1,1
3455,pm,0,0
3456,pm,0,1
3457,designer,0,0
3458,engineer,0,0
3459,designer,0,0
3460,designer,0,1
3461,pm,0,1
3462,pm,1,1
3463,engineer,1,1
3464,designer,0,0
3465,engineer,1,1
3466,pm,0,0
3467,engineer,0,1
3468,engineer,1,1
3469,engineer,1,1
3470,engineer,0,1
3471,engineer,1,1
3472,designer,0,1
3473,engineer,1,1
3474,designer,0,1
3475,pm,1,0
3476,engineer,1,1
3477,pm,0,0
3478,engineer,1,0
3479,engineer,1,1
3480,pm,1,1
3481,engineer,0,0
3482,pm,0,0
3483,engineer,1,1
3484,pm,0,0
3485,pm,0,0
3486,engineer,1,1
3487,designer,0,1
3488,engineer,0,0
3489,engineer,0,1
3490,designer,1,0
3491,engineer,0,1
3492,engineer,0,1
3493,pm,1,0
3494,engineer,1,0
3495,designer,0,0
3496,engineer,0,0
3497,engineer,1,1
3498,designer,0,0
3499,engineer,1,1
3500,pm,1,0
3501,engineer,1,1
3502,pm,1,1
3503,designer,0,1
3504,engineer,1,1
3505,designer,0,1
3506,designer,1,0
3507,engineer,0,1
3508,engineer,1,0
3509,designer,0,0
3510,engineer,0,1
3511,pm,0,0
3512,engineer,0,1
3513,pm,0,1
3514,designer,0,0
3515,designer,1,1
3516,engineer,1,1
3517,engineer,1,1
3518,engineer,1,1
3519,engineer,0,1
3520,engineer,1,1
3521,engineer,1,1
3522,designer,0,0
3523,pm,0,0
3524,engineer,0,1
3525,pm,0,0
3526,engineer,0,1
3527,pm,0,0
3528,designer,1,0
3529,engineer,1,1
3530,pm,0,0
3531,engineer,1,1
3532,engineer,1,1
3533,pm,0,1
3534,engineer,1,1
3535,engineer,1,1
3536,designer,1,0
3537,pm,1,0
3538,engineer,1,0
3539,engineer,1,1
3540,pm,0,1
3541,engineer,0,1
3542,engineer,1,1
3543,engineer,1,0
3544,pm,0,0
3545,pm,1,1
3546,pm,0,0
3547,engineer,1,1
3548,designer,0,0
3549,pm,0,0
3550,pm,0,0
3551,engineer,1,1
3552,pm,1,0
3553,pm,0,0
3554,pm,1,1
3555,pm,0,1
3556,engineer,0,0
3557,pm,1,0
3558,pm,0,0
3559,pm,0,0
3560,engineer,1,1
3561,designer,1,0
3562,engineer,0,1
3563,designer,0,1
3564,engineer,0,1
3565,engineer,1,1
3566,engineer,1,0
3567,engineer,1,1
3568,engineer,1,1
3569,designer,1,0
3570,engineer,1,1
3571,designer,0,0
3572,engineer,0,0
3573,pm,0,0
3574,engineer,1,1
3575,engineer,0,1
3576,engineer,0,1
3577,engineer,1,1
3578,engineer,0,1
3579,designer,0,1
3580,engineer,1,1
3581,pm,0,0
3582,designer,0,0
3583,designer,0,1
3584,designer,0,0
3585,pm,0,0
3586,pm,0,1
3587,engineer,1,0
3588,engineer,1,0
3589,engineer,1,1
3590,engineer,0,1
3591,engineer,1,0
3592,engineer,1,1
3593,pm,0,0
3594,engineer,1,1
3595,designer,0,0
3596,engineer,1,1
3597,engineer,1,1
3598,designer,1,0
3599,engineer,1,1
3600,pm,0,0
3601,engineer,1,1
3602,designer,0,1
3603,designer,0,0
3604,engineer,0,1
3605,designer,0,1
3606,engineer,1,0
3607,engineer,0,1
3608,designer,0,1
3609,designer,0,0
3610,pm,0,0
3611,engineer,1,0
3612,engineer,1,1
3613,designer,0,0
3614,engineer,1,1
3615,pm,0,0
3616,engineer,1,1
3617,engineer,0,1
3618,engineer,1,1
3619,pm,0,0
3620,engineer,1,0
3621,pm,0,0
3622,pm,0,1
3623,engineer,1,1
3624,engineer,1,1
3625,engineer,1,0
3626,designer,0,0
3627,pm,0,1
3628,pm,0,0
3629,pm,1,0
3630,pm,0,1
3631,pm,0,0
3632,pm,1,0
3633,pm,0,0
3634,engineer,1,1
3635,engineer,0,1
3636,engineer,1,1
3637,engineer,1,0
3638,engineer,1,1
3639,engineer,1,1
3640,pm,0,1
3641,engineer,1,0
3642,pm,0,1
3643,designer,0,0
3644,engineer,1,1
3645,pm,1,0
3646,engineer,1,0
3647,designer,0,0
3648,engineer,0,1
3649,engineer,1,1
3650,engineer,1,1
3651,engineer,1,1
3652,engineer,1,1
3653,engineer,1,1
3654,engineer,1,0
3655,engineer,1,1
3656,pm,0,1
3657,engineer,1,1
3658,engineer,1,0
3659,pm,0,1
3660,engineer,0,1
3661,engineer,1,0
3662,pm,0,0
3663,engineer,0,0
3664,pm,1,1
3665,pm,0,0
3666,pm,1,0
3667,engineer,1,1
3668,engineer,1,1
3669,engineer,0,0
3670,pm,0,0
3671,engineer,1,1
3672,engineer,1,1
3673,pm,1,0
3674,engineer,0,1
3675,designer,0,0
3676,engineer,0,0
3677,engineer,0,1
3678,engineer,1,1
3679,engineer,0,0
3680,engineer,1,1
3681,pm,0,0
3682,engineer,1,1
3683,engineer,0,0
3684,engineer,1,1
3685,designer,1,1
3686,pm,1,1
3687,engineer,0,1
3688,engineer,1,1
3689,designer,0,0
3690,engineer,1,0
3691,engineer,0,1
3692,engineer,1,1
3693,designer,1,0
3694,pm,0,1
3695,engineer,0,1
3696,designer,1,0
3697,designer,0,0
3698,engineer,1,1
3699,pm,0,0
3700,designer,0,0
3701,designer,0,1
3702,engineer,0,1
3703,engineer,0,1
3704,engineer,1,1
3705,engineer,1,1
3706,engineer,1,1
3707,engineer,0,1
3708,engineer,1,1
3709,engineer,1,0
3710,engineer,1,1
3711,engineer,1,1
3712,pm,0,0
3713,pm,0,0
3714,designer,0,0
3715,engineer,1,1
3716,pm,1,0
3717,pm,1,0
3718,designer,0,0
3719,designer,0,0
3720,pm,1,1
3721,pm,0,0
3722,pm,0,0
3723,engineer,0,0
3724,pm,0,0
3725,engineer,1,0
3726,engineer,1,1
3727,engineer,1,1
3728,engineer,1,1
3729,engineer,1,0
3730,pm,0,1
3731,engineer,1,0
3732,engineer,1,1
3733,designer,1,0
3734,pm,0,0
3735,engineer,0,0
3736,engineer,1,1
3737,pm,0,0
3738,pm,0,1
3739,pm,0,0
3740,pm,1,0
3741,pm,0,0
3742,engineer,0,1
3743,pm,0,0
3744,pm,1,0
3745,engineer,1,1
3746,designer,0,0
3747,engineer,0,1
3748,designer,0,0
3749,engineer,1,0
3750,designer,0,0
3751,pm,0,1
3752,pm,1,0
3753,engineer,0,1
3754,pm,1,1
3755,designer,1,0
3756,pm,0,0
3757,designer,0,0
3758,pm,0,1
3759,engineer,0,1
3760,pm,1,1
3761,engineer,0,1
3762,engineer,0,0
3763,engineer,0,1
3764,designer,0,1
3765,engineer,1,1
3766,designer,0,0
3767,pm,0,1
3768,engineer,0,1
3769,pm,0,0
3770,engineer,1,1
3771,engineer,1,1
3772,engineer,1,1
3773,pm,0,1
3774,designer,0,0
3775,engineer,1,1
3776,engineer,1,1
3777,engineer,0,1
3778,engineer,0,1
3779,engineer,1,1
3780,engineer,1,1
3781,engineer,1,1
3782,engineer,1,1
3783,engineer,1,1
3784,designer,0,0
3785,engineer,1,0
3786,pm,0,1
3787,designer,0,0
3788,pm,0,0
3789,engineer,1,1
3790,engineer,0,0
3791,engineer,1,1
3792,pm,0,0
3793,pm,0,1
3794,engineer,1,0
3795,pm,1,0
3796,pm,0,0
3797,engineer,0,0
3798,pm,1,0
3799,engineer,1,1
3800,engineer,1,1
3801,engineer,0,1
3802,engineer,0,1
3803,engineer,1,1
3804,pm,0,0
3805,pm,0,0
3806,designer,0,0
3807,pm,0,0
3808,engineer,1,1
3809,pm,0,1
3810,designer,0,0
3811,engineer,1,1
3812,engineer,1,1
3813,pm,0,1
3814,engineer,1,1
3815,engineer,1,1
3816,designer,0,0
3817,engineer,1,1
3818,engineer,1,1
3819,engineer,1,1
3820,engineer,1,1
3821,engineer,1,1
3822,engineer,1,0
3823,pm,0,0
3824,designer,0,1
3825,designer,0,0
3826,designer,0,1
3827,engineer,1,1
3828,engineer,1,1
3829,designer,0,0
3830,pm,1,1
3831,engineer,1,1
3832,pm,0,1
3833,engineer,0,1
3834,engineer,1,1
3835,designer,1,0
3836,engineer,1,1
3837,pm,0,1
3838,pm,0,1
3839,pm,0,0
3840,engineer,1,1
3841,designer,0,0
3842,pm,0,0
3843,designer,0,0
3844,engineer,1,1
3845,pm,1,0
3846,designer,0,0
3847,engineer,1,1
3848,pm,0,0
3849,pm,0,0
3850,engineer,0,1
3851,pm,0,1
3852,engineer,1,0
3853,engineer,1,0
3854,engineer,1,1
3855,engineer,1,0
3856,engineer,1,1
3857,engineer,1,1
3858,engineer,1,1
3859,pm,0,1
3860,engineer,0,1
3861,pm,0,1
3862,engineer,0,1
3863,pm,1,1
3864,pm,0,1
3865,engineer,1,1
3866,pm,0,0
3867,pm,0,1
3868,engineer,1,1
3869,pm,0,0
3870,engineer,0,1
3871,pm,0,0
3872,pm,1,0
3873,engineer,1,0
3874,engineer,1,1
3875,pm,0,1
3876,pm,0,0
3877,engineer,0,0
3878,engineer,1,1
3879,engineer,1,1
3880,pm,0,0
3881,pm,0,1
3882,designer,1,1
3883,designer,1,1
3884,engineer,1,1
3885,pm,0,0
3886,designer,0,0
3887,designer,0,1
3888,pm,0,0
3889,engineer,1,1
3890,designer,1,1
3891,engineer,1,1
3892,designer,1,1
3893,pm,1,0
3894,designer,1,0
3895,engineer,0,1
3896,designer,0,0
3897,engineer,1,1
3898,engineer,1,1
3899,pm,0,0
3900,pm,0,0
3901,pm,0,0
3902,engineer,1,1
3903,designer,0,0
3904,designer,0,1
3905,pm,0,1
3906,engineer,1,1
3907,engineer,1,0
3908,engineer,1,1
3909,pm,0,0
3910,engineer,0,1
3911,pm,0,0
3912,designer,0,0
3913,engineer,0,1
3914,pm,1,1
3915,pm,0,0
3916,designer,0,0
3917,engineer,0,1
3918,engineer,0,0
3919,pm,0,0
3920,pm,0,1
3921,designer,0,1
3922,engineer,0,1
3923,designer,0,1
3924,engineer,1,1
3925,designer,0,0
3926,engineer,1,0
3927,pm,0,0
3928,designer,0,0
3929,pm,0,0
3930,pm,0,1
3931,designer,0,0
3932,engineer,1,1
3933,engineer,0,1
3934,pm,0,1
3935,engineer,1,0
3936,designer,0,1
3937,engineer,1,1
3938,pm,0,0
3939,designer,0,0
3940,pm,0,1
3941,pm,0,0
3942,engineer,1,1
3943,pm,0,1
3944,engineer,0,1
3945,pm,0,1
3946,engineer,0,0
3947,designer,1,0
3948,designer,0,1
3949,engineer,1,1
3950,designer,0,0
3951,engineer,1,1
3952,designer,1,0
3953,engineer,1,1
3954,engineer,1,1
3955,engineer,1,0
3956,engineer,0,1
3957,designer,0,1
3958,engineer,1,1
3959,designer,0,0
3960,engineer,1,1
3961,designer,0,1
3962,engineer,1,0
3963,engineer,1,0
3964,designer,0,0
3965,engineer,1,1
3966,engineer,0,1
3967,engineer,1,1
3968,engineer,1,1
3969,engineer,1,1
3970,engineer,1,0
3971,designer,0,0
3972,designer,0,1
3973,engineer,1,1
3974,pm,0,0
3975,pm,1,0
3976,pm,0,0
3977,pm,0,0
3978,designer,0,1
3979,engineer,1,1
3980,engineer,1,1
3981,engineer,1,1
3982,designer,0,0
3983,designer,0,1
3984,pm,1,0
3985,engineer,1,1
3986,designer,0,1
3987,designer,0,0
3988,pm,0,0
3989,pm,0,0
3990,designer,1,0
3991,engineer,1,1
3992,engineer,1,0
3993,engineer,1,1
3994,engineer,1,1
3995,pm,0,0
3996,engineer,1,1
3997,designer,0,1
3998,engineer,1,1
3999,designer,0,1
4000,engineer,1,1
4001,engineer,1,1
4002,designer,0,0
4003,engineer,1,1
4004,engineer,1,1
4005,designer,0,1
4006,engineer,0,0
4007,engineer,1,0
4008,pm,0,0
4009,designer,0,0
4010,designer,0,0
4011,pm,0,1
4012,designer,0,1
4013,pm,0,0
4014,engineer,1,1
4015,designer,0,0
4016,designer,0,1
4017,engineer,0,0
4018,pm,0,0
4019,engineer,1,0
4020,pm,0,0
4021,engineer,0,1
4022,pm,0,0
4023,pm,0,0
4024,designer,0,0
4025,designer,0,0
4026,pm,0,0
4027,engineer,1,1
4028,designer,0,1
4029,designer,0,1
4030,engineer,1,1
4031,engineer,0,0
4032,engineer,1,1
4033,engineer,1,1
4034,engineer,1,1
4035,designer,0,0
4036,engineer,1,0
4037,engineer,0,1
4038,engineer,1,1
4039,designer,0,0
4040,engineer,1,0
4041,engineer,1,0
4042,designer,0,1
4043,designer,0,1
4044,engineer,0,1
4045,engineer,1,0
4046,engineer,1,0
4047,pm,0,0
4048,engineer,0,1
4049,pm,1,0
4050,engineer,1,0
4051,engineer,0,1
4052,engineer,1,1
4053,engineer,1,1
4054,pm,0,1
4055,pm,0,0
4056,designer,0,0
4057,designer,0,0
4058,engineer,1,1
4059,engineer,1,1
4060,designer,0,0
4061,engineer,1,1
4062,designer,0,0
4063,pm,0,0
4064,designer,1,1
4065,pm,0,0
4066,engineer,1,1
4067,designer,1,0
4068,engineer,1,1
4069,engineer,1,1
4070,pm,0,0
4071,pm,0,0
4072,engineer,0,1
4073,pm,0,1
4074,engineer,1,0
4075,engineer,1,1
4076,pm,0,0
4077,pm,0,0
4078,pm,0,0
4079,engineer,0,1
4080,pm,0,0
4081,pm,0,1
4082,engineer,0,1
4083,engineer,0,1
4084,engineer,1,0
4085,pm,0,0
4086,engineer,1,1
4087,designer,1,0
4088,engineer,1,0
4089,designer,0,0
4090,pm,0,0
4091,engineer,1,1
4092,engineer,1,1
4093,engineer,0,0
4094,pm,0,0
4095,pm,1,1
4096,designer,1,0
4097,engineer,1,1
4098,engineer,1,0
4099,pm,0,1
4100,pm,1,0
4101,designer,0,0
4102,pm,0,0
4103,engineer,1,1
4104,pm,0,0
4105,engineer,0,0
4106,pm,0,0
4107,pm,0,1
4108,pm,0,0
4109,engineer,1,0
4110,pm,0,1
4111,designer,0,0
4112,engineer,1,1
4113,engineer,1,1
4114,engineer,1,1
4115,pm,0,0
4116,engineer,1,1
4117,pm,0,0
4118,engineer,0,1
4119,engineer,1,1
4120,pm,0,0
4121,engineer,0,1
4122,engineer,1,1
4123,pm,0,0
4124,designer,0,0
4125,designer,0,1
4126,designer,0,0
4127,designer,0,1
4128,engineer,1,1
4129,designer,0,1
4130,pm,0,0
4131,engineer,1,1
4132,engineer,1,1
4133,engineer,0,1
4134,designer,1,0
4135,engineer,1,1
4136,designer,0,0
4137,pm,0,1
4138,designer,0,1
4139,designer,0,0
4140,pm,0,0
4141,pm,0,0
4142,designer,0,0
4143,pm,0,0
4144,designer,0,1
4145,designer,1,1
4146,designer,0,0
4147,engineer,1,1
4148,engineer,1,1
4149,designer,0,0
4150,engineer,0,0
4151,pm,0,1
4152,engineer,1,1
4153,pm,1,0
4154,engineer,1,1
4155,designer,0,1
4156,engineer,0,1
4157,engineer,0,1
4158,pm,1,1
4159,pm,0,0
4160,designer,0,0
4161,engineer,1,1
4162,engineer,1,0
4163,pm,0,1
4164,engineer,1,1
4165,designer,0,0
4166,engineer,1,1
4167,pm,0,1
4168,engineer,1,1
4169,engineer,1,1
4170,engineer,0,1
4171,engineer,1,1
4172,engineer,1,1
4173,pm,0,1
4174,engineer,1,0
4175,engineer,1,0
4176,engineer,1,1
4177,engineer,1,1
4178,designer,0,1
4179,pm,1,1
4180,pm,0,0
4181,engineer,0,1
4182,engineer,1,1
4183,engineer,0,0
4184,designer,0,1
4185,engineer,1,1
4186,pm,0,1
4187,engineer,1,1
4188,engineer,0,1
4189,designer,0,1
4190,pm,1,1
4191,designer,0,0
4192,engineer,0,0
4193,engineer,0,1
4194,engineer,1,1
4195,engineer,1,1
4196,pm,0,0
4197,pm,0,0
4198,engineer,1,0
4199,engineer,0,0
4200,pm,0,0
4201,designer,0,0
4202,engineer,1,1
4203,designer,0,1
4204,engineer,1,0
4205,designer,0,0
4206,designer,0,0
4207,pm,0,0
4208,engineer,1,0
4209,engineer,1,0
4210,pm,0,1
4211,engineer,1,1
4212,engineer,1,1
4213,engineer,0,0
4214,engineer,0,1
4215,pm,0,0
4216,engineer,1,1
4217,pm,0,0
4218,engineer,0,1
4219,engineer,1,0
4220,engineer,0,1
4221,engineer,0,1
4222,engineer,0,1
4223,engineer,1,0
4224,pm,0,1
4225,pm,0,0
4226,engineer,1,0
4227,engineer,1,1
4228,pm,0,1
4229,pm,0,0
4230,engineer,1,0
4231,engineer,1,1
4232,engineer,0,1
4233,engineer,0,1
4234,engineer,1,1
4235,pm,0,0
4236,designer,0,0
4237,engineer,0,1
4238,pm,1,0
4239,engineer,1,1
4240,pm,0,1
4241,pm,0,0
4242,engineer,1,1
4243,pm,0,0
4244,engineer,1,1
4245,engineer,1,1
4246,pm,0,0
4247,designer,0,0
4248,engineer,1,1
4249,engineer,1,1
4250,engineer,1,1
4251,pm,1,0
4252,engineer,1,0
4253,engineer,0,0
4254,pm,0,0
4255,engineer,0,0
4256,pm,0,0
4257,engineer,0,1
4258,engineer,1,0
4259,engineer,1,1
4260,engineer,1,1
4261,engineer,0,1
4262,designer,0,0
4263,pm,0,1
4264,pm,0,1
4265,engineer,1,1
4266,designer,0,1
4267,engineer,1,0
4268,engineer,0,1
4269,designer,0,0
4270,engineer,1,1
4271,pm,0,0
4272,pm,0,0
4273,pm,0,0
4274,engineer,1,1
4275,engineer,0,0
4276,engineer,1,1
4277,pm,0,0
4278,pm,0,0
4279,pm,0,0
4280,engineer,1,1
4281,pm,0,1
4282,designer,0,0
4283,designer,1,1
4284,engineer,1,1
4285,pm,0,0
4286,designer,0,1
4287,designer,0,0
4288,pm,0,0
4289,pm,0,1
4290,engineer,0,1
4291,pm,0,1
4292,pm,0,0
4293,designer,0,1
4294,pm,0,0
4295,engineer,0,1
4296,engineer,1,0
4297,pm,0,1
4298,pm,1,1
4299,engineer,1,1
4300,designer,0,0
4301,engineer,0,1
4302,engineer,0,1
4303,engineer,1,1
4304,engineer,1,1
4305,pm,0,1
4306,engineer,0,0
4307,designer,0,1
4308,pm,0,0
4309,designer,0,0
4310,engineer,1,1
4311,engineer,0,1
4312,engineer,1,1
4313,engineer,1,1
4314,engineer,1,0
4315,pm,1,0
4316,pm,0,0
4317,engineer,1,1
4318,engineer,1,0
4319,pm,0,0
4320,engineer,1,1
4321,engineer,1,1
4322,designer,0,0
4323,designer,0,0
4324,pm,0,0
4325,designer,0,0
4326,engineer,1,1
4327,designer,0,0
4328,pm,0,0
4329,pm,1,0
4330,engineer,1,1
4331,engineer,0,0
4332,pm,0,0
4333,engineer,1,1
4334,engineer,1,1
4335,designer,0,0
4336,pm,1,1
4337,designer,1,0
4338,pm,0,0
4339,engineer,1,1
4340,pm,0,0
4341,engineer,1,1
4342,engineer,0,1
4343,engineer,0,1
4344,engineer,0,1
4345,pm,1,1
4346,designer,0,0
4347,pm,0,0
4348,pm,1,1
4349,pm,0,0
4350,engineer,1,1
4351,pm,0,0
4352,engineer,1,1
4353,pm,0,0
4354,pm,0,1
4355,engineer,1,1
4356,pm,0,0
4357,pm,0,1
4358,pm,0,1
4359,pm,0,0
4360,designer,0,0
4361,pm,1,0
4362,engineer,0,1
4363,designer,0,0
4364,designer,0,1
4365,engineer,0,0
4366,pm,0,0
4367,engineer,1,1
4368,engineer,0,0
4369,engineer,0,1
4370,designer,0,0
4371,designer,0,1
4372,pm,0,0
4373,pm,0,0
4374,pm,0,0
4375,designer,0,0
4376,engineer,1,1
4377,pm,1,1
4378,designer,0,1
4379,engineer,0,1
4380,engineer,1,1
4381,engineer,1,1
4382,engineer,1,1
4383,engineer,0,1
4384,pm,0,1
4385,engineer,0,1
4386,pm,0,0
4387,pm,0,0
4388,pm,0,1
4389,engineer,1,1
4390,designer,0,0
4391,pm,0,0
4392,engineer,1,0
4393,engineer,1,1
4394,engineer,1,1
4395,engineer,1,1
4396,designer,0,0
4397,engineer,1,1
4398,engineer,1,1
4399,designer,0,1
4400,designer,0,0
4401,engineer,1,1
4402,designer,0,0
4403,pm,0,1
4404,designer,1,0
4405,engineer,1,1
4406,pm,0,0
4407,designer,0,1
4408,pm,0,1
4409,pm,1,0
4410,pm,0,0
4411,pm,0,0
4412,engineer,0,1
4413,pm,0,0
4414,engineer,1,1
4415,pm,0,1
4416,engineer,1,1
4417,pm,1,1
4418,engineer,1,1
4419,engineer,1,1
4420,engineer,0,1
4421,designer,0,0
4422,designer,1,0
4423,designer,0,0
4424,designer,0,0
4425,designer,0,0
4426,pm,0,0
4427,engineer,1,1
4428,engineer,0,0
4429,pm,0,0
4430,engineer,1,1
4431,engineer,1,1
4432,pm,0,1
4433,engineer,0,0
4434,designer,1,0
4435,engineer,0,1
4436,engineer,0,0
4437,pm,0,1
4438,engineer,1,1
4439,pm,0,0
4440,engineer,1,0
4441,pm,1,0
4442,engineer,1,1
4443,pm,0,1
4444,engineer,1,1
4445,engineer,0,1
4446,engineer,1,1
4447,engineer,1,0
4448,engineer,1,0
4449,designer,0,0
4450,pm,0,1
4451,designer,1,0
4452,engineer,0,1
4453,designer,1,0
4454,engineer,1,1
4455,engineer,1,1
4456,pm,0,0
4457,engineer,0,0
4458,designer,0,0
4459,pm,0,0
4460,engineer,1,1
4461,pm,1,0
4462,designer,0,0
4463,pm,0,1
4464,engineer,1,1
4465,pm,1,1
4466,engineer,1,1
4467,engineer,0,1
4468,engineer,0,1
4469,pm,0,0
4470,pm,0,0
4471,pm,0,0
4472,engineer,1,1
4473,designer,1,0
4474,designer,1,1
4475,engineer,0,0
4476,designer,1,0
4477,engineer,1,1
4478,engineer,1,0
4479,pm,0,0
4480,engineer,1,1
4481,engineer,0,1
4482,engineer,1,1
4483,engineer,1,1
4484,engineer,1,1
4485,designer,0,0
4486,engineer,0,1
4487,pm,0,0
4488,pm,1,0
4489,engineer,1,1
4490,engineer,1,1
4491,engineer,1,0
4492,pm,0,0
4493,designer,1,1
4494,pm,0,0
4495,pm,1,1
4496,engineer,1,0
4497,designer,0,0
4498,engineer,1,1
4499,designer,1,1
4500,engineer,1,1
4501,engineer,1,1
4502,engineer,1,1
4503,designer,0,0
4504,pm,1,1
4505,pm,1,0
4506,pm,0,0
4507,engineer,1,1
4508,engineer,1,1
4509,pm,0,0
4510,pm,0,0
4511,engineer,1,1
4512,designer,0,0
4513,designer,0,1
4514,engineer,1,1
4515,pm,0,0
4516,designer,1,1
4517,engineer,0,1
4518,pm,0,0
4519,engineer,1,1
4520,engineer,1,1
4521,designer,0,0
4522,pm,1,1
4523,engineer,1,1
4524,engineer,0,1
4525,engineer,1,1
4526,designer,1,0
4527,pm,0,0
4528,designer,0,1
4529,engineer,0,0
4530,pm,0,0
4531,designer,0,1
4532,designer,1,0
4533,engineer,0,1
4534,pm,0,0
4535,designer,0,0
4536,designer,0,0
4537,engineer,1,1
4538,engineer,0,1
4539,pm,0,1
4540,pm,0,0
4541,engineer,1,1
4542,engineer,0,0
4543,pm,0,0
4544,designer,1,0
4545,engineer,1,1
4546,engineer,1,1
4547,pm,1,1
4548,engineer,1,1
4549,engineer,0,1
4550,pm,0,0
4551,engineer,0,1
4552,engineer,1,1
4553,designer,1,1
4554,designer,1,0
4555,pm,0,1
4556,designer,1,1
4557,engineer,1,1
4558,designer,0,0
4559,pm,0,0
4560,designer,0,1
4561,engineer,0,1
4562,engineer,1,1
4563,engineer,0,1
4564,engineer,0,1
4565,engineer,0,0
4566,engineer,1,1
4567,pm,1,1
4568,designer,1,1
4569,engineer,0,1
4570,engineer,1,1
4571,engineer,0,1
4572,engineer,0,1
4573,engineer,1,1
4574,designer,0,0
4575,engineer,0,1
4576,engineer,0,1
4577,designer,0,0
4578,pm,0,0
4579,designer,0,0
4580,engineer,0,1
4581,engineer,0,0
4582,pm,0,0
4583,designer,0,0
4584,designer,0,1
4585,pm,1,0
4586,pm,1,0
4587,pm,1,1
4588,engineer,0,1
4589,engineer,0,1
4590,designer,1,0
4591,engineer,1,0
4592,engineer,1,0
4593,engineer,1,1
4594,engineer,1,0
4595,pm,0,0
4596,pm,1,0
4597,designer,0,0
4598,engineer,1,1
4599,engineer,1,1
4600,pm,0,1
4601,pm,0,0
4602,designer,0,0
4603,pm,0,0
4604,designer,0,0
4605,engineer,1,1
4606,designer,0,1
4607,pm,0,1
4608,engineer,1,1
4609,pm,0,0
4610,designer,0,0
4611,designer,0,0
4612,pm,1,1
4613,engineer,1,1
4614,designer,0,0
4615,pm,0,0
4616,pm,1,1
4617,engineer,1,0
4618,designer,0,1
4619,pm,1,0
4620,pm,0,0
4621,pm,0,0
4622,pm,0,1
4623,designer,0,0
4624,engineer,0,1
4625,designer,0,0
4626,designer,0,0
4627,designer,0,0
4628,engineer,0,0
4629,pm,1,0
4630,engineer,1,1
4631,engineer,1,1
4632,engineer,1,1
4633,pm,0,0
4634,engineer,1,1
4635,pm,0,0
4636,engineer,1,1
4637,engineer,0,1
4638,designer,0,0
4639,engineer,1,1
4640,engineer,1,0
4641,pm,0,1
4642,pm,0,1
4643,engineer,1,0
4644,pm,0,0
4645,engineer,1,1
4646,engineer,1,1
4647,designer,0,1
4648,pm,0,0
4649,pm,0,0
4650,engineer,1,0
4651,pm,0,0
4652,pm,0,0
4653,engineer,0,1
4654,engineer,1,0
4655,engineer,0,0
4656,engineer,0,1
4657,pm,0,0
4658,pm,0,1
4659,pm,0,0
4660,engineer,1,0
4661,engineer,1,0
4662,designer,0,0
4663,engineer,1,1
4664,designer,0,0
4665,engineer,1,1
4666,engineer,1,1
4667,designer,0,0
4668,engineer,1,1
4669,engineer,0,1
4670,engineer,1,1
4671,engineer,0,1
4672,engineer,0,1
4673,pm,0,1
4674,engineer,0,1
4675,pm,0,0
4676,engineer,1,1
4677,engineer,0,1
4678,pm,0,0
4679,designer,0,0
4680,pm,1,0
4681,engineer,1,1
4682,designer,0,0
4683,engineer,0,0
4684,engineer,0,1
4685,pm,0,0
4686,designer,0,0
4687,engineer,0,1
4688,pm,0,0
4689,engineer,1,1
4690,engineer,1,1
4691,pm,0,0
4692,engineer,0,0
4693,engineer,1,1
4694,engineer,1,1
4695,engineer,0,1
4696,pm,0,0
4697,engineer,0,1
4698,engineer,0,1
4699,pm,0,0
4700,pm,0,0
4701,designer,0,1
4702,engineer,1,1
4703,designer,0,1
4704,engineer,1,0
4705,engineer,1,1
4706,pm,0,0
4707,engineer,1,1
4708,pm,0,0
4709,pm,0,0
4710,pm,0,1
4711,designer,0,1
4712,pm,0,0
4713,designer,0,0
4714,designer,1,0
4715,designer,0,0
4716,pm,1,0
4717,pm,0,0
4718,engineer,1,1
4719,designer,0,0
4720,engineer,1,0
4721,pm,0,0
4722,engineer,0,1
4723,engineer,1,1
4724,engineer,1,1
4725,engineer,0,0
4726,pm,0,0
4727,pm,0,0
4728,pm,0,0
4729,engineer,1,0
4730,engineer,1,1
4731,designer,0,0
4732,engineer,1,1
4733,engineer,1,1
4734,engineer,1,1
4735,designer,0,0
4736,engineer,1,1
4737,pm,0,1
4738,engineer,0,1
4739,engineer,1,0
4740,pm,0,0
4741,pm,1,1
4742,pm,0,0
4743,engineer,1,1
4744,pm,0,1
4745,designer,0,0
4746,pm,0,0
4747,engineer,1,1
4748,designer,1,1
4749,pm,0,1
4750,pm,0,1
4751,pm,0,0
4752,engineer,0,1
4753,designer,0,0
4754,engineer,1,1
4755,pm,0,0
4756,engineer,1,1
4757,engineer,0,1
4758,designer,0,0
4759,engineer,1,1
4760,pm,1,1
4761,engineer,1,1
4762,engineer,0,0
4763,engineer,1,1
4764,designer,0,0
4765,pm,1,0
4766,pm,0,0
4767,designer,0,1
4768,engineer,1,1
4769,pm,0,0
4770,engineer,1,0
4771,designer,0,0
4772,engineer,1,1
4773,designer,0,0
4774,designer,0,0
4775,engineer,1,0
4776,designer,0,0
4777,pm,0,0
4778,designer,0,0
4779,engineer,0,1
4780,engineer,1,1
4781,pm,0,0
4782,pm,0,0
4783,engineer,1,1
4784,pm,1,0
4785,engineer,1,1
4786,engineer,0,1
4787,engineer,1,1
4788,pm,0,0
4789,engineer,1,1
4790,engineer,1,1
4791,pm,0,0
4792,pm,1,0
4793,designer,0,0
4794,designer,0,0
4795,pm,0,1
4796,engineer,1,1
4797,engineer,1,1
4798,engineer,1,1
4799,engineer,1,0
4800,pm,1,0
4801,engineer,0,0
4802,designer,0,0
4803,pm,0,0
4804,designer,0,0
4805,pm,0,1
4806,engineer,1,0
4807,engineer,1,1
4808,engineer,1,0
4809,engineer,1,0
4810,engineer,1,0
4811,designer,0,1
4812,engineer,1,1
4813,pm,0,1
4814,designer,0,0
4815,engineer,0,1
4816,engineer,0,1
4817,designer,0,0
4818,engineer,1,1
4819,engineer,1,0
4820,pm,0,0
4821,engineer,1,1
4822,pm,0,0
4823,engineer,0,0
4824,designer,0,1
4825,designer,1,0
4826,designer,1,1
4827,pm,0,0
4828,designer,0,0
4829,designer,0,0
4830,engineer,0,1
4831,designer,0,1
4832,designer,0,0
4833,engineer,1,1
4834,designer,0,0
4835,pm,0,0
4836,engineer,1,1
4837,pm,0,0
4838,pm,0,0
4839,engineer,0,1
4840,engineer,1,1
4841,designer,0,0
4842,pm,0,0
4843,engineer,0,0
4844,pm,0,0
4845,engineer,0,0
4846,pm,0,0
4847,pm,0,1
4848,engineer,1,1
4849,pm,0,0
4850,pm,0,0
4851,designer,0,0
4852,engineer,1,1
4853,pm,0,1
4854,engineer,0,1
4855,pm,0,0
4856,pm,0,0
4857,engineer,0,1
4858,designer,0,0
4859,engineer,1,1
4860,engineer,1,1
4861,engineer,1,1
4862,designer,0,0
4863,engineer,1,1
4864,designer,1,1
4865,pm,0,0
4866,designer,1,1
4867,designer,0,0
4868,designer,0,0
4869,pm,0,0
4870,pm,0,0
4871,pm,0,0
4872,engineer,1,1
4873,pm,0,0
4874,pm,0,1
4875,engineer,1,1
4876,engineer,0,1
4877,designer,0,1
4878,pm,1,0
4879,designer,0,0
4880,engineer,0,1
4881,engineer,1,1
4882,engineer,0,0
4883,engineer,1,1
4884,engineer,0,1
4885,engineer,0,1
4886,engineer,1,1
4887,engineer,1,1
4888,engineer,1,0
4889,designer,1,0
4890,engineer,1,1
4891,engineer,1,1
4892,designer,0,1
4893,engineer,0,0
4894,designer,0,0
4895,designer,1,1
4896,designer,0,0
4897,engineer,1,1
4898,engineer,1,1
4899,engineer,1,1
4900,pm,1,0
4901,engineer,1,1
4902,engineer,0,1
4903,designer,1,0
4904,pm,0,0
4905,engineer,1,1
4906,pm,1,0
4907,engineer,1,1
4908,pm,1,0
4909,engineer,1,1
4910,engineer,1,1
4911,pm,1,1
4912,designer,0,0
4913,engineer,1,1
4914,pm,0,0
4915,pm,1,1
4916,engineer,0,1
4917,engineer,0,0
4918,engineer,0,1
4919,engineer,1,1
4920,pm,0,0
4921,pm,0,0
4922,engineer,1,0
4923,engineer,1,1
4924,pm,0,0
4925,engineer,0,0
4926,pm,0,0
4927,engineer,0,0
4928,engineer,1,1
4929,engineer,1,1
4930,designer,0,0
4931,pm,1,0
4932,engineer,1,0
4933,pm,1,0
4934,engineer,0,1
4935,pm,0,0
4936,pm,0,0
4937,engineer,1,1
4938,engineer,1,1
4939,designer,0,0
4940,designer,0,0
4941,engineer,1,1
4942,designer,0,0
4943,engineer,0,1
4944,engineer,1,1
4945,pm,0,1
4946,engineer,1,1
4947,engineer,1,1
4948,engineer,1,1
4949,pm,0,0
4950,pm,0,0
4951,engineer,1,1
4952,pm,0,0
4953,engineer,1,0
4954,designer,1,0
4955,pm,1,0
4956,pm,0,1
4957,designer,0,1
4958,designer,0,0
4959,designer,0,0
4960,designer,0,0
4961,pm,0,0
4962,engineer,0,0
4963,engineer,0,1
4964,engineer,1,1
4965,engineer,1,1
4966,engineer,1,1
4967,engineer,1,1
4968,pm,0,0
4969,engineer,1,0
4970,designer,1,1
4971,pm,1,1
4972,engineer,1,1
4973,pm,0,0
4974,pm,0,0
4975,designer,0,0
4976,pm,0,1
4977,pm,0,0
4978,designer,0,0
4979,engineer,0,0
4980,engineer,0,0
4981,engineer,1,0
4982,pm,0,1
4983,pm,0,0
4984,engineer,0,1
4985,pm,1,0
4986,pm,1,0
4987,pm,0,1
4988,pm,0,0
4989,engineer,1,0
4990,pm,1,1
4991,pm,0,1
4992,engineer,1,1
4993,designer,0,0
4994,engineer,1,1
4995,designer,0,1
4996,engineer,1,1
4997,engineer,1,1
4998,engineer,1,1
4999,pm,0,0
5000,engineer,1,1
5001,engineer,1,1
5002,pm,0,0
5003,engineer,1,1
5004,designer,1,1
5005,engineer,0,1
5006,pm,0,1
5007,pm,0,0
5008,designer,0,0
5009,engineer,1,1
5010,engineer,0,1
5011,designer,1,1
5012,designer,1,1
5013,pm,1,0
5014,designer,0,0
5015,pm,0,0
5016,designer,0,0
5017,pm,0,0
5018,designer,0,1
5019,pm,0,0
5020,pm,0,1
5021,engineer,1,1
5022,pm,0,0
5023,pm,0,1
5024,designer,0,1
5025,pm,0,1
5026,pm,1,1
5027,engineer,1,1
5028,engineer,1,1
5029,pm,0,0
5030,pm,0,1
5031,pm,0,0
5032,engineer,0,1
5033,engineer,1,1
5034,engineer,1,1
5035,engineer,1,1
5036,designer,0,0
5037,engineer,1,1
5038,pm,0,0
5039,engineer,0,1
5040,engineer,0,1
5041,engineer,0,1
5042,engineer,0,0
5043,designer,0,0
5044,designer,0,1
5045,pm,1,0
5046,engineer,1,1
5047,designer,0,0
5048,engineer,1,1
5049,designer,0,0
5050,pm,1,0
5051,engineer,1,1
5052,engineer,1,1
5053,engineer,1,1
5054,pm,0,0
5055,engineer,1,1
5056,designer,0,0
5057,engineer,1,1
5058,engineer,1,1
5059,engineer,1,0
5060,engineer,1,1
5061,engineer,1,0
5062,designer,0,1
5063,pm,0,1
5064,engineer,1,1
5065,pm,0,0
5066,engineer,0,1
5067,engineer,1,1
5068,pm,0,1
5069,designer,0,1
5070,pm,0,0
5071,designer,0,0
5072,pm,0,0
5073,designer,1,0
5074,engineer,1,1
5075,pm,0,0
5076,pm,0,0
5077,engineer,0,1
5078,engineer,1,1
5079,engineer,1,1
5080,engineer,1,1
5081,engineer,0,1
5082,engineer,0,0
5083,engineer,1,1
5084,designer,0,0
5085,engineer,0,1
5086,designer,1,0
5087,engineer,0,1
5088,engineer,1,1
5089,engineer,1,1
5090,engineer,1,1
5091,designer,0,1
5092,engineer,1,1
5093,engineer,0,1
5094,engineer,0,0
5095,engineer,0,1
5096,engineer,1,1
5097,engineer,0,1
5098,engineer,1,1
5099,designer,0,1
5100,designer,0,0
5101,engineer,0,1
5102,designer,0,0
5103,engineer,1,1
5104,pm,0,0
5105,designer,0,0
5106,pm,0,0
5107,pm,1,0
5108,designer,0,0
5109,engineer,1,1
5110,engineer,1,1
5111,engineer,1,1
5112,engineer,0,1
5113,designer,0,0
5114,pm,0,0
5115,designer,0,0
5116,engineer,1,1
5117,engineer,0,1
5118,designer,0,0
5119,designer,0,1
5120,pm,0,0
5121,engineer,1,1
5122,engineer,1,1
5123,pm,0,0
5124,engineer,1,1
5125,designer,1,0
5126,engineer,1,1
5127,pm,0,0
5128,pm,0,0
5129,designer,0,1
5130,engineer,1,1
5131,engineer,0,1
5132,pm,1,0
5133,pm,1,1
5134,engineer,0,0
5135,designer,0,0
5136,engineer,0,1
5137,engineer,0,0
5138,pm,1,0
5139,engineer,1,1
5140,pm,1,1
5141,designer,0,1
5142,engineer,1,1
5143,engineer,0,1
5144,engineer,1,1
5145,engineer,1,1
5146,pm,0,0
5147,engineer,0,0
5148,engineer,1,0
5149,engineer,1,1
5150,pm,0,0
5151,engineer,1,1
5152,designer,0,1
5153,pm,0,0
5154,designer,0,0
5155,pm,0,0
5156,designer,0,0
5157,designer,0,1
5158,engineer,1,1
5159,engineer,0,0
5160,designer,0,0
5161,engineer,0,1
5162,pm,0,1
5163,engineer,1,1
5164,engineer,0,1
5165,designer,0,0
5166,engineer,1,1
5167,engineer,1,0
5168,designer,0,1
5169,designer,0,0
5170,engineer,1,1
5171,engineer,1,1
5172,engineer,1,1
5173,engineer,0,1
5174,engineer,0,1
5175,engineer,0,1
5176,engineer,1,1
5177,designer,1,0
5178,pm,0,0
5179,designer,0,1
5180,pm,0,1
5181,engineer,1,1
5182,engineer,1,1
5183,engineer,0,1
5184,engineer,1,1
5185,engineer,1,1
5186,engineer,0,0
5187,engineer,0,1
5188,engineer,0,0
5189,pm,1,0
5190,designer,0,1
5191,designer,1,1
5192,designer,0,1
5193,engineer,0,1
5194,pm,1,1
5195,designer,0,0
5196,engineer,0,1
5197,engineer,0,1
5198,engineer,0,0
5199,designer,1,0
5200,engineer,1,0
5201,engineer,1,1
5202,engineer,0,1
5203,engineer,1,1
5204,engineer,1,1
5205,engineer,1,1
5206,pm,0,0
5207,engineer,1,0
5208,designer,0,1
5209,engineer,0,1
5210,pm,0,1
5211,pm,0,0
5212,engineer,1,0
5213,pm,1,1
5214,pm,0,1
5215,designer,0,0
5216,pm,0,1
5217,pm,0,0
5218,pm,0,1
5219,engineer,1,1
5220,pm,0,1
5221,engineer,1,1
5222,engineer,1,1
5223,engineer,0,1
5224,pm,1,0
5225,pm,1,0
5226,designer,0,0
5227,engineer,0,1
5228,designer,0,0
5229,designer,0,0
5230,designer,0,0
5231,designer,0,1
5232,designer,0,0
5233,pm,0,0
5234,pm,0,0
5235,designer,1,1
5236,pm,1,0
5237,engineer,1,1
5238,engineer,1,1
5239,designer,0,1
5240,engineer,1,1
5241,engineer,1,0
5242,engineer,0,1
5243,pm,1,0
5244,designer,0,0
5245,pm,1,1
5246,pm,1,0
5247,engineer,0,1
5248,designer,0,1
5249,engineer,0,1
5250,engineer,1,1
5251,engineer,0,1
5252,designer,0,0
5253,engineer,1,1
5254,engineer,1,0
5255,designer,0,0
5256,pm,0,0
5257,engineer,1,1
5258,designer,1,0
5259,designer,0,0
5260,engineer,1,1
5261,pm,0,0
5262,pm,0,0
5263,engineer,1,1
5264,engineer,1,1
5265,designer,1,0
5266,pm,1,1
5267,designer,1,0
5268,pm,1,0
5269,pm,0,1
5270,pm,1,0
5271,pm,0,0
5272,engineer,1,1
5273,engineer,1,1
5274,engineer,1,0
5275,pm,0,1
5276,designer,0,0
5277,designer,0,0
5278,engineer,0,1
5279,designer,0,0
5280,engineer,1,1
5281,designer,0,0
5282,pm,0,0
5283,engineer,1,1
5284,pm,0,0
5285,designer,0,1
5286,engineer,1,1
5287,pm,0,1
5288,engineer,1,1
5289,pm,0,1
5290,pm,0,0
5291,designer,1,0
5292,pm,0,1
5293,engineer,1,1
5294,engineer,1,1
5295,engineer,1,1
5296,pm,1,1
5297,engineer,0,1
5298,pm,0,1
5299,pm,0,0
5300,pm,1,0
5301,engineer,0,0
5302,pm,0,0
5303,pm,0,0
5304,pm,0,0
5305,pm,0,0
5306,engineer,1,0
5307,pm,0,1
5308,designer,0,0
5309,engineer,1,1
5310,engineer,0,0
5311,designer,0,0
5312,engineer,1,1
5313,engineer,0,1
5314,pm,0,0
5315,engineer,1,1
5316,designer,0,0
5317,pm,0,1
5318,engineer,1,1
5319,pm,0,0
5320,pm,0,0
5321,engineer,1,1
5322,engineer,1,1
5323,pm,0,0
5324,engineer,1,1
5325,engineer,1,0
5326,engineer,1,1
5327,engineer,1,1
5328,engineer,1,1
5329,designer,0,0
5330,designer,0,0
5331,pm,0,0
5332,pm,0,0
5333,pm,0,0
5334,pm,0,0
5335,pm,0,0
5336,engineer,1,1
5337,pm,0,1
5338,pm,0,0
5339,pm,1,1
5340,engineer,0,0
5341,engineer,0,1
5342,engineer,1,1
5343,designer,0,0
5344,engineer,1,0
5345,engineer,1,0
5346,engineer,1,1
5347,pm,0,0
5348,engineer,1,1
5349,pm,0,1
5350,engineer,1,1
5351,pm,0,0
5352,engineer,0,1
5353,engineer,0,1
5354,designer,0,1
5355,pm,0,1
5356,engineer,1,0
5357,pm,0,0
5358,engineer,1,1
5359,engineer,1,1
5360,engineer,1,1
5361,engineer,0,0
5362,pm,0,0
5363,pm,0,0
5364,engineer,0,0
5365,engineer,0,1
5366,engineer,1,1
5367,engineer,1,1
5368,pm,0,0
5369,pm,0,1
5370,pm,0,1
5371,designer,0,0
5372,designer,1,1
5373,designer,0,1
5374,engineer,0,0
5375,pm,0,0
5376,engineer,1,1
5377,engineer,1,1
5378,engineer,1,1
5379,engineer,1,1
5380,designer,0,1
5381,engineer,1,1
5382,designer,1,0
5383,pm,0,0
5384,pm,0,1
5385,designer,0,0
5386,engineer,1,1
5387,designer,1,0
5388,pm,0,1
5389,pm,0,1
5390,engineer,1,1
5391,engineer,0,1
5392,pm,1,1
5393,designer,0,0
5394,engineer,1,1
5395,engineer,1,1
5396,engineer,1,1
5397,pm,0,0
5398,pm,0,0
5399,pm,0,0
5400,engineer,1,1
5401,engineer,1,1
5402,designer,1,0
5403,engineer,1,1
5404,engineer,0,1
5405,pm,1,0
5406,engineer,0,0
5407,engineer,1,1
5408,pm,0,0
5409,pm,1,1
5410,engineer,0,0
5411,engineer,0,1
5412,designer,0,1
5413,pm,0,0
5414,pm,0,1
5415,pm,0,0
5416,pm,0,1
5417,engineer,1,1
5418,engineer,1,1
5419,pm,0,1
5420,engineer,0,0
5421,designer,0,0
5422,pm,1,1
5423,pm,0,1
5424,pm,0,0
5425,pm,0,0
5426,engineer,0,1
5427,pm,0,0
5428,engineer,0,1
5429,pm,0,1
5430,engineer,1,1
5431,engineer,1,1
5432,pm,0,0
5433,designer,0,0
5434,pm,1,0
5435,pm,0,0
5436,pm,1,0
5437,designer,1,1
5438,engineer,0,0
5439,engineer,1,1
5440,pm,0,0
5441,pm,0,0
5442,engineer,1,0
5443,engineer,1,1
5444,pm,0,0
5445,pm,0,1
5446,engineer,0,1
5447,engineer,0,1
5448,designer,0,0
5449,engineer,1,1
5450,designer,0,0
5451,pm,0,0
5452,pm,0,0
5453,designer,0,0
5454,designer,0,1
5455,pm,0,1
5456,engineer,1,1
5457,engineer,1,0
5458,engineer,1,0
5459,engineer,1,1
5460,engineer,1,1
5461,engineer,1,1
5462,engineer,1,1
5463,engineer,0,1
5464,engineer,1,1
5465,engineer,1,1
5466,engineer,1,1
5467,designer,0,1
5468,engineer,0,1
5469,engineer,0,1
5470,engineer,1,1
5471,designer,1,0
5472,engineer,1,0
5473,pm,1,0
5474,pm,1,0
5475,engineer,1,1
5476,designer,0,0
5477,pm,0,0
5478,pm,0,1
5479,pm,1,1
5480,designer,1,0
5481,engineer,1,0
5482,designer,0,1
5483,engineer,1,1
5484,engineer,1,1
5485,engineer,1,1
5486,engineer,1,0
5487,engineer,1,1
5488,pm,0,0
5489,pm,1,0
5490,pm,0,0
5491,engineer,1,1
5492,engineer,1,0
5493,designer,1,0
5494,engineer,1,1
5495,engineer,1,1
5496,pm,0,0
5497,engineer,1,0
5498,designer,1,1
5499,engineer,1,1
5500,pm,1,1
5501,designer,0,1
5502,pm,0,0
5503,designer,0,0
5504,engineer,1,1
5505,pm,1,0
5506,designer,0,0
5507,engineer,1,1
5508,engineer,1,1
5509,engineer,1,0
5510,engineer,0,1
5511,engineer,0,1
5512,designer,0,0
5513,engineer,1,1
5514,engineer,1,1
5515,pm,0,1
5516,engineer,1,1
5517,engineer,1,1
5518,engineer,1,1
5519,engineer,1,0
5520,engineer,1,1
5521,engineer,1,1
5522,pm,0,0
5523,pm,0,1
5524,designer,0,1
5525,engineer,1,1
5526,designer,0,0
5527,designer,0,0
5528,designer,0,0
5529,engineer,0,1
5530,pm,0,1
5531,engineer,1,0
5532,engineer,0,1
5533,engineer,0,1
5534,designer,0,0
5535,engineer,1,1
5536,designer,0,1
5537,engineer,1,1
5538,engineer,0,1
5539,engineer,0,1
5540,pm,0,0
5541,engineer,1,1
5542,engineer,1,1
5543,designer,0,1
5544,pm,0,0
5545,designer,0,0
5546,pm,0,1
5547,pm,1,0
5548,engineer,1,1
5549,engineer,0,1
5550,engineer,1,1
5551,pm,0,0
5552,designer,0,0
5553,pm,0,0
5554,designer,1,0
5555,engineer,1,1
5556,pm,0,1
5557,engineer,1,0
5558,pm,0,1
5559,designer,0,0
5560,engineer,1,1
5561,designer,0,0
5562,engineer,0,1
5563,engineer,1,1
5564,engineer,1,1
5565,engineer,1,1
5566,engineer,1,1
5567,pm,1,0
5568,engineer,1,1
5569,engineer,0,1
5570,engineer,1,1
5571,engineer,1,1
5572,designer,1,0
5573,pm,0,0
5574,engineer,0,1
5575,engineer,1,0
5576,engineer,0,1
5577,pm,0,1
5578,engineer,1,0
5579,engineer,1,0
5580,engineer,1,0
5581,engineer,0,1
5582,designer,0,0
5583,pm,1,0
5584,pm,0,1
5585,pm,1,1
5586,engineer,1,1
5587,engineer,0,0
5588,engineer,0,1
5589,designer,0,0
5590,designer,1,0
5591,pm,0,1
5592,engineer,1,1
5593,engineer,0,0
5594,engineer,0,1
5595,engineer,1,1
5596,engineer,0,0
5597,pm,0,0
5598,pm,0,1
5599,pm,0,0
5600,engineer,1,1
5601,pm,0,0
5602,designer,0,0
5603,engineer,1,1
5604,engineer,0,1
5605,designer,0,1
5606,pm,0,1
5607,pm,0,0
5608,designer,0,0
5609,engineer,1,1
5610,pm,0,0
5611,designer,0,0
5612,engineer,0,0
5613,designer,0,0
5614,pm,0,0
5615,engineer,1,0
5616,designer,0,0
5617,pm,0,0
5618,pm,0,0
5619,designer,0,0
5620,designer,0,1
5621,pm,0,1
5622,engineer,1,1
5623,engineer,1,1
5624,pm,0,0
5625,engineer,1,0
5626,designer,1,0
5627,engineer,0,1
5628,pm,0,0
5629,engineer,1,1
5630,pm,0,0
5631,designer,0,1
5632,pm,0,0
5633,pm,1,1
5634,engineer,1,1
5635,designer,1,0
5636,engineer,1,1
5637,engineer,1,1
5638,designer,0,0
5639,designer,0,0
5640,engineer,0,0
5641,designer,0,0
5642,engineer,1,1
5643,pm,0,0
5644,pm,0,0
5645,engineer,1,1
5646,pm,0,0
5647,engineer,0,1
5648,pm,0,0
5649,engineer,1,1
5650,engineer,1,1
5651,pm,0,0
5652,engineer,1,1
5653,pm,0,0
5654,designer,0,1
5655,pm,0,1
5656,pm,0,1
5657,engineer,1,1
5658,engineer,1,0
5659,pm,1,0
5660,engineer,1,1
5661,engineer,0,1
5662,engineer,0,0
5663,designer,0,0
5664,pm,1,1
5665,engineer,0,0
5666,engineer,1,1
5667,pm,0,0
5668,engineer,1,1
5669,engineer,0,1
5670,pm,1,0
5671,engineer,1,0
5672,pm,0,1
5673,pm,0,0
5674,designer,0,1
5675,engineer,1,1
5676,designer,0,1
5677,engineer,1,1
5678,pm,0,1
5679,engineer,1,1
5680,engineer,0,1
5681,designer,0,0
5682,engineer,1,1
5683,designer,0,0
5684,engineer,1,1
5685,engineer,1,1
5686,engineer,1,1
5687,pm,0,0
5688,pm,0,0
5689,pm,0,1
5690,designer,1,1
5691,designer,0,1
5692,engineer,1,1
5693,designer,0,0
5694,engineer,1,1
5695,pm,0,1
5696,designer,0,0
5697,pm,0,1
5698,engineer,0,0
5699,engineer,1,1
5700,engineer,0,1
5701,engineer,1,1
5702,engineer,1,1
5703,pm,0,1
5704,pm,1,0
5705,engineer,1,1
5706,pm,1,0
5707,engineer,0,1
5708,engineer,0,1
5709,designer,0,0
5710,designer,0,0
5711,engineer,0,0
5712,engineer,1,0
5713,engineer,1,1
5714,engineer,1,0
5715,designer,0,0
5716,pm,0,1
5717,pm,1,0
5718,engineer,1,0
5719,designer,0,0
5720,engineer,0,0
5721,engineer,0,0
5722,pm,0,0
5723,engineer,1,1
5724,pm,0,0
5725,pm,0,0
5726,engineer,1,1
5727,engineer,1,1
5728,engineer,0,0
5729,engineer,1,1
5730,pm,0,1
5731,engineer,0,1
5732,engineer,1,1
5733,pm,0,0
5734,pm,0,0
5735,engineer,1,1
5736,engineer,1,0
5737,pm,0,0
5738,engineer,1,1
5739,engineer,1,1
5740,pm,1,0
5741,engineer,0,1
5742,designer,0,1
5743,pm,0,0
5744,engineer,1,1
5745,designer,0,1
5746,pm,0,0
5747,engineer,1,1
5748,engineer,1,1
5749,engineer,1,1
5750,engineer,0,1
5751,engineer,1,1
5752,engineer,1,0
5753,engineer,0,1
5754,engineer,1,1
5755,designer,0,0
5756,designer,1,1
5757,engineer,1,1
5758,engineer,0,1
5759,designer,0,1
5760,designer,0,0
5761,engineer,1,1
5762,engineer,0,0
5763,engineer,1,1
5764,designer,0,0
5765,pm,0,0
5766,engineer,0,1
5767,designer,1,1
5768,pm,0,1
5769,pm,0,0
5770,pm,0,0
5771,designer,0,0
5772,engineer,1,0
5773,designer,0,0
5774,pm,0,0
5775,engineer,1,1
5776,pm,0,0
5777,engineer,1,1
5778,pm,0,1
5779,engineer,0,1
5780,engineer,1,1
5781,engineer,1,1
5782,engineer,1,1
5783,engineer,0,1
5784,engineer,0,1
5785,engineer,1,1
5786,engineer,1,0
5787,engineer,0,1
5788,designer,1,0
5789,engineer,1,1
5790,pm,0,0
5791,engineer,1,1
5792,engineer,0,1
5793,pm,0,1
5794,pm,1,0
5795,engineer,1,1
5796,pm,1,0
5797,engineer,0,1
5798,engineer,1,1
5799,engineer,1,1
5800,pm,0,0
5801,pm,0,0
5802,engineer,1,1
5803,engineer,0,1
5804,pm,0,1
5805,engineer,1,1
5806,designer,1,0
5807,designer,1,0
5808,designer,0,1
5809,pm,1,0
5810,pm,0,0
5811,designer,0,0
5812,engineer,1,0
5813,designer,0,0
5814,pm,1,1
5815,engineer,1,0
5816,engineer,1,1
5817,engineer,1,1
5818,engineer,0,1
5819,pm,0,0
5820,designer,0,1
5821,engineer,1,1
5822,pm,1,0
5823,pm,0,0
5824,pm,0,0
5825,engineer,1,1
5826,pm,0,0
5827,engineer,0,1
5828,engineer,0,0
5829,pm,0,0
5830,pm,0,0
5831,designer,1,0
5832,engineer,1,1
5833,pm,0,0
5834,pm,0,1
5835,designer,0,1
5836,engineer,1,0
5837,engineer,0,1
5838,pm,0,0
5839,engineer,1,1
5840,engineer,0,1
5841,engineer,1,1
5842,designer,0,0
5843,engineer,1,0
5844,engineer,1,1
5845,pm,0,0
5846,pm,0,0
5847,pm,0,0
5848,engineer,1,1
5849,engineer,1,1
5850,engineer,1,1
5851,pm,1,0
5852,pm,0,1
5853,pm,1,0
5854,engineer,1,1
5855,designer,1,0
5856,designer,0,0
5857,designer,0,0
5858,pm,0,0
5859,pm,1,1
5860,engineer,1,1
5861,designer,0,1
5862,engineer,1,0
5863,engineer,1,1
5864,pm,0,0
5865,engineer,0,1
5866,pm,0,1
5867,pm,0,0
5868,engineer,1,1
5869,engineer,1,1
5870,pm,0,0
5871,engineer,1,1
5872,pm,0,0
5873,pm,0,1
5874,pm,0,0
5875,engineer,0,1
5876,engineer,1,0
5877,engineer,1,1
5878,designer,0,1
5879,engineer,0,0
5880,engineer,0,1
5881,engineer,1,1
5882,pm,0,0
5883,pm,0,0
5884,engineer,1,1
5885,engineer,1,1
5886,engineer,1,1
5887,engineer,1,1
5888,engineer,0,1
5889,engineer,1,1
5890,engineer,1,1
5891,pm,1,1
5892,engineer,1,1
5893,designer,1,0
5894,pm,0,1
5895,engineer,1,0
5896,engineer,0,0
5897,pm,0,1
5898,pm,0,1
5899,designer,0,0
5900,designer,0,0
5901,pm,0,1
5902,pm,0,0
5903,pm,0,1
5904,engineer,1,1
5905,designer,1,1
5906,designer,0,1
5907,pm,0,0
5908,designer,0,0
5909,designer,0,0
5910,designer,0,1
5911,pm,0,0
5912,engineer,1,1
5913,pm,0,0
5914,engineer,1,1
5915,pm,0,0
5916,pm,0,0
5917,pm,0,1
5918,pm,0,0
5919,engineer,1,1
5920,pm,0,0
5921,engineer,1,1
5922,pm,0,1
5923,engineer,1,1
5924,engineer,1,0
5925,pm,1,1
5926,pm,1,0
5927,engineer,1,1
5928,engineer,1,0
5929,pm,0,0
5930,pm,0,1
5931,designer,0,0
5932,engineer,1,1
5933,designer,0,0
5934,engineer,1,1
5935,engineer,1,1
5936,pm,0,0
5937,pm,0,1
5938,engineer,0,1
5939,engineer,0,1
5940,engineer,1,1
5941,engineer,1,1
5942,engineer,1,1
5943,engineer,0,1
5944,engineer,1,1
5945,engineer,1,1
5946,designer,0,0
5947,engineer,1,0
5948,engineer,0,1
5949,engineer,0,1
5950,pm,0,1
5951,engineer,1,1
5952,engineer,1,0
5953,pm,0,0
5954,designer,0,0
5955,designer,0,0
5956,designer,1,1
5957,engineer,1,1
5958,engineer,1,1
5959,pm,1,0
5960,engineer,0,0
5961,engineer,1,0
5962,pm,0,0
5963,engineer,1,1
5964,pm,0,0
5965,engineer,1,1
5966,designer,0,0
5967,engineer,0,1
5968,designer,1,0
5969,pm,0,1
5970,engineer,1,1
5971,pm,0,0
5972,pm,0,1
5973,engineer,1,0
5974,engineer,1,1
5975,engineer,1,1
5976,designer,1,0
5977,engineer,1,1
5978,engineer,1,0
5979,pm,0,0
5980,engineer,1,1
5981,engineer,0,0
5982,engineer,1,1
5983,designer,1,0
5984,pm,0,0
5985,pm,1,1
5986,engineer,1,1
5987,engineer,1,1
5988,designer,0,0
5989,engineer,0,0
5990,pm,0,0
5991,engineer,0,0
5992,pm,1,1
5993,engineer,1,0
5994,engineer,1,1
5995,designer,1,0
5996,engineer,1,0
5997,designer,0,1
5998,designer,0,1
5999,pm,0,0
6000,pm,1,0
