Date,GDP,GDPC1,UNRATE,ICSA,JTSJOL,JTSQUR,PAYEMS,UMCSENT,RSAFS,PCE,PSAVERT,CPIAUCSL,AHETPI,CES0500000003,HOUST,PERMIT,EXHOSLUSM495S,MORTGAGE30US,INDPRO,MANEMP,BAA10Y,T10Y2Y,T10Y3M,DRTSCILM,WALCL,M2SL,DRSFRMACBS,CCLACBW027SBOG,USALOLITONOSTSAM
2019-01-31,21111.6,20431.641,4.0,234000.0,7502.0,2.3,150060.0,91.2,490440.0,14084.6,8.4,252.561,23.13,27.59,1226.0,1254.0,,4.464,103.4021,12790.0,2.4061904761904764,0.17047619047619048,0.29,2.8,4039678.0,14445.7,2.69,812.9228,99.67632
2019-02-28,21111.6,20431.641,3.8,221000.0,7066.0,2.4,150067.0,93.8,491751.0,14117.4,8.5,253.319,23.19,27.69,1121.0,1286.0,,4.37,102.8371,12782.0,2.2710526315789474,0.17210526315789473,0.23842105263157895,2.8,3974590.0,14480.8,2.69,815.3447,99.5174
2019-03-31,21111.6,20431.641,3.8,203000.0,7317.0,2.3,150295.0,98.4,499292.0,14248.6,7.9,254.277,23.29,27.77,1191.0,1295.0,,4.265,102.8757,12788.0,2.264761904761905,0.16142857142857142,0.11714285714285715,2.8,3955617.0,14525.9,2.69,817.9337,99.38998
2019-04-30,21397.938,20602.275,3.7,224000.0,7272.0,2.3,150591.0,97.2,499343.0,14290.0,7.6,255.233,23.33,27.79,1272.0,1322.0,,4.1425,102.274,12785.0,2.170952380952381,0.18761904761904763,0.09952380952380951,-4.2,3928273.0,14554.2,2.6,818.3655,99.27512
2019-05-31,21397.938,20602.275,3.6,222000.0,7275.0,2.3,150618.0,100.0,504741.0,14353.3,7.3,255.296,23.4,27.88,1293.0,1347.0,,4.072,102.392,12778.0,2.2331818181818184,0.18863636363636366,-0.00818181818181818,-4.2,3851444.0,14652.0,2.6,826.3477,99.17093
2019-06-30,21397.938,20602.275,3.6,226000.0,7194.0,2.3,150838.0,98.2,505251.0,14408.7,7.1,255.213,23.48,27.97,1243.0,1299.0,,3.8024999999999998,102.4375,12787.0,2.3865,0.26,-0.14550000000000002,-4.2,3826817.0,14771.0,2.6,824.1994,99.08028
2019-07-31,21717.171,20843.322,3.7,206000.0,7042.0,2.4,150937.0,98.4,509091.0,14496.0,6.8,255.802,23.53,28.03,1240.0,1379.0,,3.765,101.9408,12790.0,2.22,0.2240909090909091,-0.08590909090909091,-2.8,3779102.0,14853.1,2.44,829.0651,99.00743
2019-08-31,21717.171,20843.322,3.6,215000.0,7178.0,2.3,151169.0,89.8,512561.0,14558.2,6.9,256.036,23.61,28.14,1375.0,1482.0,,3.6159999999999997,102.639,12789.0,2.247272727272727,0.055,-0.3640909090909091,-2.8,3759946.0,14934.3,2.44,830.662,98.96103
2019-09-30,21717.171,20843.322,3.5,215000.0,7124.0,2.3,151365.0,93.2,509282.0,14590.6,7.0,256.43,23.68,28.16,1311.0,1469.0,,3.605,102.2917,12787.0,2.215,0.051500000000000004,-0.23500000000000001,-2.8,3857715.0,15031.0,2.44,831.803,98.96491
2019-10-31,21933.217,20985.448,3.6,215000.0,7289.0,2.3,151460.0,95.5,510648.0,14617.4,7.1,257.155,23.75,28.24,1325.0,1523.0,,3.6879999999999997,101.4281,12733.0,2.2181818181818183,0.15545454545454546,0.028181818181818183,5.4,4019823.0,15166.9,2.34,843.3221,99.01381
2019-11-30,21933.217,20985.448,3.6,231000.0,6888.0,2.3,151667.0,96.8,514215.0,14711.0,6.9,257.879,23.83,28.34,1353.0,1535.0,,3.6950000000000003,101.9372,12777.0,2.128947368421053,0.19947368421052633,0.24,5.4,4052875.0,15276.4,2.34,837.947,99.08697
2019-12-31,21933.217,20985.448,3.6,231000.0,6699.0,2.3,151794.0,99.3,515866.0,14774.8,6.2,258.63,23.85,28.38,1548.0,1443.0,,3.72,101.7003,12760.0,2.0157142857142856,0.24952380952380954,0.2976190476190476,5.4,4165591.0,15347.6,2.34,847.6165,99.15616
2020-01-31,21751.238,20709.212,3.6,210000.0,7124.0,2.3,152031.0,99.8,515119.0,14868.3,6.8,259.127,23.91,28.43,1581.0,1495.0,,3.624,101.0338,12745.0,2.0142857142857142,0.23857142857142857,0.20523809523809527,0.0,4151630.0,15416.3,2.35,850.0029,99.18732
2020-02-29,21751.238,20709.212,3.5,215000.0,6966.0,2.3,152293.0,101.0,515330.0,14828.1,7.5,259.25,24.03,28.54,1549.0,1455.0,,3.4650000000000003,101.3735,12743.0,2.106842105263158,0.1731578947368421,-0.04052631578947369,0.0,4158637.0,15466.6,2.35,852.261,99.15326
2020-03-31,21751.238,20709.212,4.4,5946000.0,5894.0,1.9,150895.0,89.1,468324.0,13812.8,12.4,258.076,24.12,28.73,1266.0,1346.0,,3.45,97.4078,12684.0,3.4181818181818184,0.42181818181818187,0.5745454545454546,0.0,5254278.0,15993.4,2.35,847.5291,97.89362
2020-04-30,19958.291,19077.992,14.8,3446000.0,4606.0,1.5,130426.0,71.8,401028.0,12249.2,31.8,256.032,25.14,30.04,936.0,1076.0,,3.306,84.5619,11382.0,3.4695238095238095,0.43285714285714283,0.5195238095238095,41.5,6655929.0,17005.4,2.54,783.8329,93.4837
2020-05-31,19958.291,19077.992,13.2,1639000.0,5612.0,1.7,133040.0,72.3,478449.0,13281.5,22.6,255.802,24.98,29.72,1039.0,1250.0,,3.2325,85.9604,11610.0,3.28,0.5035000000000001,0.5465,41.5,7097316.0,17852.9,2.54,768.6932,94.9228
2020-06-30,19958.291,19077.992,11.0,1446000.0,6129.0,1.9,137671.0,78.1,518038.0,14049.2,18.3,257.042,24.78,29.38,1266.0,1334.0,,3.1625,91.5934,11950.0,2.9131818181818185,0.5436363636363637,0.5690909090909091,41.5,7082302.0,18140.6,2.54,762.4848,96.59299
2020-07-31,21704.437,20558.879,10.2,1260000.0,6530.0,2.2,139255.0,72.5,526304.0,14307.2,17.9,258.352,24.69,29.39,1526.0,1546.0,,3.016,95.0256,11973.0,2.6895454545454545,0.4754545454545455,0.4968181818181818,71.2,6949032.0,18297.7,2.83,757.0884,97.98195
2020-08-31,21704.437,20558.879,8.4,881000.0,6429.0,2.1,140821.0,74.1,530735.0,14462.2,13.9,259.316,24.8,29.49,1396.0,1533.0,,2.935,95.9549,11999.0,2.624285714285714,0.5104761904761905,0.5457142857142857,71.2,6990418.0,18364.1,2.83,751.7103,98.58877
2020-09-30,21704.437,20558.879,7.8,795000.0,6511.0,2.2,141770.0,80.4,541302.0,14668.1,13.3,259.997,24.82,29.51,1473.0,1636.0,,2.89,95.9669,12057.0,2.684761904761905,0.5447619047619048,0.570952380952381,71.2,7056129.0,18596.4,2.83,754.2108,98.8585
2020-10-31,22087.16,20791.917,6.9,773000.0,6798.0,2.3,142460.0,81.8,539114.0,14725.8,12.8,260.319,24.84,29.54,1543.0,1613.0,,2.834,96.7394,12086.0,2.6523809523809527,0.6376190476190476,0.6866666666666666,37.7,7146306.0,18751.1,2.75,751.8569,99.18831
2020-11-30,22087.16,20791.917,6.7,737000.0,6820.0,2.2,142733.0,76.9,533941.0,14701.6,12.0,260.911,24.94,29.64,1543.0,1703.0,,2.765,97.0816,12118.0,2.4257894736842105,0.7042105263157895,0.7789473684210527,37.7,7216480.0,18978.9,2.75,750.5722,99.54637
2020-12-31,22087.16,20791.917,6.7,773000.0,6773.0,2.4,142548.0,80.7,538548.0,14822.0,11.8,262.045,25.16,29.91,1614.0,1752.0,,2.684,98.363,12153.0,2.2304545454545455,0.7977272727272727,0.8463636363636364,37.7,7363351.0,19133.0,2.75,747.752,99.92159
2021-01-31,22680.693,21082.134,6.4,803000.0,7204.0,2.3,142863.0,79.0,559230.0,15073.0,19.5,262.687,25.16,29.93,1630.0,1855.0,,2.735,98.8822,12142.0,2.1626315789473685,0.9500000000000001,0.9973684210526316,5.5,7404926.0,19359.5,2.68,742.7216,100.2579
2021-02-28,22680.693,21082.134,6.2,704000.0,7752.0,2.4,143380.0,76.8,544891.0,14983.5,13.0,263.579,25.25,30.05,1404.0,1711.0,,2.81,95.6149,12172.0,2.1631578947368424,1.1426315789473684,1.2152631578947368,5.5,7590111.0,19596.5,2.68,742.6864,100.5935
2021-03-31,22680.693,21082.134,6.1,658000.0,8470.0,2.5,144232.0,84.9,603581.0,15709.7,26.2,264.961,25.33,30.03,1696.0,1756.0,,3.0825,98.3856,12229.0,2.1317391304347826,1.463913043478261,1.5795652173913042,5.5,7688988.0,19823.2,2.68,742.219,100.8863
2021-04-30,23425.91,21440.929,6.1,574000.0,9356.0,2.7,144587.0,88.3,608961.0,15917.5,12.4,266.614,25.52,30.22,1495.0,1721.0,,3.06,98.5587,12193.0,1.9723809523809526,1.471818181818182,1.614090909090909,-15.1,7780962.0,20161.5,2.48,739.3728,101.131
2021-05-31,23425.91,21440.929,5.8,427000.0,9905.0,2.6,145065.0,82.9,605282.0,15973.5,10.0,268.383,25.68,30.41,1589.0,1703.0,,2.9625,99.4333,12216.0,1.9989999999999999,1.466,1.6030000000000002,-15.1,7903541.0,20430.6,2.48,752.0651,101.2037
2021-06-30,23425.91,21440.929,5.9,369000.0,10298.0,2.7,145820.0,85.5,611950.0,16191.7,8.8,270.654,25.82,30.54,1650.0,1654.0,,2.975,99.7987,12247.0,1.9259090909090908,1.3163636363636364,1.4831818181818184,-15.1,8078544.0,20472.9,2.48,761.4661,101.2113
2021-07-31,23982.379,21617.828,5.4,380000.0,11049.0,2.7,146762.0,81.2,601817.0,16239.7,9.5,271.903,25.97,30.66,1597.0,1658.0,,2.868,100.2519,12305.0,1.926190476190476,1.099047619047619,1.266190476190476,-32.4,8221473.0,20628.2,2.3,764.6185,101.1688
2021-08-31,23982.379,21617.828,5.1,353000.0,10956.0,2.8,147314.0,70.3,605533.0,16412.9,8.7,272.676,26.12,30.78,1594.0,1736.0,,2.8425000000000002,100.0437,12353.0,1.9563636363636363,1.0659090909090911,1.2286363636363637,-32.4,8332743.0,20811.1,2.3,769.6411,101.1064
2021-09-30,23982.379,21617.828,4.7,374000.0,10879.0,2.9,147771.0,72.8,609671.0,16489.6,7.6,273.91,26.3,30.98,1577.0,1640.0,,2.9,98.8579,12393.0,1.8552380952380954,1.1338095238095238,1.332857142857143,-32.4,8447981.0,20979.1,2.3,778.3401,101.0549
2021-10-31,24813.6,21988.737,4.5,262000.0,11341.0,2.8,148572.0,71.7,618573.0,16704.2,7.0,276.55,26.45,31.14,1579.0,1707.0,,3.0675,100.1861,12453.0,1.7705000000000002,1.19,1.5305,-18.2,8556181.0,21142.2,2.29,786.1541,101.0183
2021-11-30,24813.6,21988.737,4.1,222000.0,11119.0,3.0,149230.0,67.4,624874.0,16849.8,6.6,278.919,26.56,31.23,1705.0,1765.0,,3.0675,100.8654,12498.0,1.7235,1.0515,1.508,-18.2,8681771.0,21316.5,2.29,797.731,100.9874
2021-12-31,24813.6,21988.737,3.9,216000.0,11417.0,2.9,149816.0,70.6,619938.0,16891.0,6.6,280.845,26.76,31.39,1722.0,1919.0,,3.098,100.5726,12537.0,1.8338095238095238,0.785,1.4063636363636363,-18.2,8757460.0,21470.9,2.29,805.928,100.9415
2022-01-31,25250.347,21932.71,4.0,231000.0,11238.0,2.9,150006.0,67.2,631509.0,16993.8,4.2,282.543,26.91,31.6,1702.0,1920.0,,3.4450000000000003,100.1856,12564.0,1.8210000000000002,0.7835,1.6184999999999998,-14.5,8860485.0,21587.4,2.09,814.1086,100.8647
2022-02-28,25250.347,21932.71,3.9,209000.0,11661.0,2.9,150825.0,62.8,638101.0,17106.0,4.1,284.5,26.97,31.64,1735.0,1857.0,,3.7625,100.8064,12601.0,2.033684210526316,0.49894736842105264,1.6194736842105264,-14.5,8928129.0,21684.9,2.09,821.7821,100.7504
2022-03-31,25250.347,21932.71,3.7,214000.0,12134.0,3.0,151315.0,59.4,651027.0,17347.2,3.2,287.674,27.1,31.8,1712.0,1868.0,,4.172,101.3907,12674.0,2.166086956521739,0.21826086956521737,1.6804347826086956,-14.5,8937142.0,21721.3,2.09,847.3377,100.5853
2022-04-30,25861.292,21967.045,3.7,219000.0,11881.0,2.9,151623.0,65.2,660194.0,17490.0,2.6,288.561,27.28,31.96,1820.0,1859.0,,4.9825,101.44,12726.0,1.9114999999999998,0.20950000000000002,1.984,-1.5,8939199.0,21750.0,1.96,856.405,100.368
2022-05-31,25861.292,21967.045,3.6,200000.0,11483.0,2.8,151924.0,58.4,659847.0,17574.5,2.6,291.298,27.4,32.1,1531.0,1704.0,,5.2299999999999995,101.3335,12735.0,2.218571428571429,0.2814285714285714,1.9052380952380952,-1.5,8914281.0,21690.7,1.96,868.5449,100.1016
2022-06-30,25861.292,21967.045,3.6,212000.0,11256.0,2.7,152358.0,50.0,666113.0,17755.2,2.2,294.957,27.52,32.19,1551.0,1737.0,,5.522,101.018,12767.0,2.124285714285714,0.14523809523809525,1.6047619047619048,-1.5,8913553.0,21642.9,1.96,886.8137,99.82359
2022-07-31,26336.304,22125.625,3.5,228000.0,11610.0,2.6,153072.0,51.5,659550.0,17770.1,3.3,294.913,27.66,32.34,1381.0,1703.0,,5.4125,101.223,12800.0,2.3175,-0.13999999999999999,0.5980000000000001,24.2,8890004.0,21641.7,1.84,896.2486,99.57864
2022-08-31,26336.304,22125.625,3.6,210000.0,10148.0,2.7,153362.0,58.2,663566.0,17916.5,3.2,295.097,27.75,32.44,1531.0,1557.0,,5.2225,101.0963,12832.0,2.254782608695652,-0.3521739130434782,0.1760869565217391,24.2,8826093.0,21606.7,1.84,908.9964,99.38433
2022-09-30,26336.304,22125.625,3.5,189000.0,10812.0,2.7,153582.0,58.6,661854.0,17992.8,3.4,296.349,27.87,32.57,1488.0,1600.0,,6.112,101.2918,12849.0,2.1747619047619047,-0.3376190476190476,0.29714285714285715,24.2,8795567.0,21520.8,1.84,918.5731,99.22839
2022-10-31,26770.514,22278.345,3.6,202000.0,10488.0,2.6,153939.0,59.9,668671.0,18109.6,3.4,298.007,27.99,32.7,1435.0,1594.0,,6.9,101.2529,12883.0,2.277,-0.3915,0.11099999999999999,39.1,8723090.0,21424.4,1.79,928.4204,99.10165
2022-11-30,26770.514,22278.345,3.6,209000.0,10619.0,2.6,154242.0,56.7,659458.0,18108.0,3.8,298.786,28.11,32.82,1424.0,1401.0,,6.805,100.9552,12896.0,2.1745,-0.6125,-0.43200000000000005,39.1,8584576.0,21358.1,1.79,939.2581,99.00354
2022-12-31,26770.514,22278.345,3.5,204000.0,10876.0,2.7,154342.0,59.8,651763.0,18116.5,4.2,298.832,28.22,32.94,1308.0,1410.0,,6.364,99.7664,12895.0,1.9776190476190476,-0.6723809523809524,-0.741904761904762,39.1,8551169.0,21219.0,1.79,943.6059,98.94633
2023-01-31,27216.445,22439.607,3.5,200000.0,10393.0,2.5,154776.0,64.9,680253.0,18449.1,4.9,300.42,28.31,33.02,1361.0,1410.0,,6.2725,100.505,12903.0,1.9705,-0.6759999999999999,-1.1560000000000001,44.8,8470557.0,21205.4,1.74,953.9481,98.92989
2023-02-28,27216.445,22439.607,3.6,209000.0,9846.0,2.5,155066.0,66.9,672152.0,18491.6,5.5,301.45,28.42,33.15,1399.0,1618.0,,6.2575,100.6416,12898.0,1.8473684210526315,-0.7868421052631579,-1.0410526315789475,44.8,8382190.0,21184.7,1.74,958.2358,98.93414
2023-03-31,27216.445,22439.607,3.5,234000.0,9572.0,2.5,155134.0,62.0,665071.0,18520.4,6.0,301.821,28.56,33.27,1377.0,1480.0,,6.544,101.0205,12888.0,2.051304347826087,-0.6395652173913043,-1.1956521739130435,44.8,8705942.0,20876.1,1.74,976.2179,98.95952
2023-04-30,27530.055,22580.499,3.4,214000.0,9992.0,2.3,155375.0,63.7,670494.0,18641.8,5.8,302.845,28.7,33.43,1354.0,1474.0,,6.342499999999999,101.253,12884.0,2.0694736842105264,-0.5559999999999999,-1.6135000000000002,46.0,8562768.0,20729.7,1.72,983.2403,99.02001
2023-05-31,27530.055,22580.499,3.6,230000.0,9310.0,2.6,155655.0,59.0,673902.0,18664.6,6.1,303.334,28.78,33.5,1584.0,1575.0,,6.425,100.9286,12869.0,2.192727272727273,-0.5581818181818181,-1.7345454545454544,46.0,8385854.0,20801.1,1.72,989.6863,99.11296
2023-06-30,27530.055,22580.499,3.6,236000.0,9191.0,2.4,155880.0,64.2,677117.0,18773.0,5.8,304.014,28.89,33.69,1421.0,1464.0,,6.714,100.1196,12875.0,2.0061904761904765,-0.8914285714285713,-1.6676190476190478,46.0,8340914.0,20782.7,1.72,993.4855,99.2275
2023-07-31,28074.846,22840.989,3.5,238000.0,8606.0,2.3,156043.0,71.5,678424.0,18884.2,5.5,304.609,29.01,33.85,1460.0,1522.0,,6.84,100.9067,12862.0,1.842,-0.9289999999999999,-1.589,50.8,8243344.0,20772.0,1.72,1002.1865,99.33507
2023-08-31,28074.846,22840.989,3.7,234000.0,9287.0,2.3,156261.0,69.4,684755.0,18953.3,5.6,306.082,29.06,33.89,1317.0,1561.0,,7.072,100.8393,12861.0,1.8495652173913044,-0.7339130434782608,-1.391304347826087,50.8,8121316.0,20746.9,1.72,1012.2151,99.42046
2023-09-30,28074.846,22840.989,3.7,216000.0,9279.0,2.3,156417.0,67.8,689403.0,19048.1,5.3,307.276,29.18,34.01,1371.0,1537.0,,7.2,101.0211,12872.0,1.777,-0.643,-1.1765,50.8,8002064.0,20720.5,1.72,1016.5962,99.48235
2023-10-31,28424.722,23033.78,3.9,217000.0,8550.0,2.3,156576.0,63.8,686148.0,19109.4,5.4,307.696,29.26,34.08,1368.0,1528.0,,7.62,100.4689,12837.0,1.8314285714285714,-0.26952380952380955,-0.8066666666666668,33.9,7907830.0,20687.4,1.7,1023.6327,99.53435
2023-11-30,28424.722,23033.78,3.7,214000.0,8663.0,2.3,156703.0,61.3,685328.0,19178.9,5.6,308.148,29.37,34.17,1514.0,1503.0,,7.442,100.8639,12859.0,1.789047619047619,-0.3795238095238095,-1.02,33.9,7796145.0,20696.9,1.7,1036.2604,99.60859
2023-12-31,28424.722,23033.78,3.8,198000.0,8585.0,2.1,156857.0,69.7,686277.0,19283.5,5.6,308.741,29.47,34.29,1521.0,1519.0,,6.815,100.6031,12872.0,1.6219999999999999,-0.437,-1.4220000000000002,33.9,7712781.0,20701.4,1.7,1031.4063,99.71788
2024-01-31,28708.161,23082.119,3.7,225000.0,8468.0,2.1,157032.0,79.0,680456.0,19303.3,6.4,309.698,29.61,34.47,1381.0,1545.0,,6.6425,99.2223,12875.0,1.619047619047619,-0.2647619047619048,-1.3957142857142857,14.5,7630124.0,20773.3,1.71,1042.7954,99.85411
2024-02-29,28708.161,23082.119,3.9,214000.0,8445.0,2.2,157238.0,76.9,685280.0,19446.5,6.1,310.967,29.66,34.52,1552.0,1577.0,,6.776000000000001,100.285,12852.0,1.5585,-0.3365,-1.233,14.5,7567807.0,20861.4,1.71,1053.3121,99.85411
2024-03-31,28708.161,23082.119,3.9,223000.0,8093.0,2.1,157466.0,79.4,687641.0,19581.8,5.9,312.345,29.78,34.65,1312.0,1476.0,,6.82,100.4575,12836.0,1.5450000000000002,-0.3795,-1.26,14.5,7484739.0,20901.0,1.71,1057.648,99.85411
2024-04-30,29147.044,23286.508,3.9,209000.0,7619.0,2.2,157530.0,77.2,687602.0,19665.7,5.8,313.023,29.85,34.76,1385.0,1459.0,,6.9925,100.2434,12833.0,1.4631818181818181,-0.33409090909090905,-0.9045454545454544,15.6,7402434.0,20929.1,1.73,1054.8084,99.85411
2024-05-31,29147.044,23286.508,3.9,221000.0,7901.0,2.1,157608.0,69.1,692774.0,19758.0,5.8,313.175,29.97,34.89,1316.0,1407.0,,7.06,100.863,12825.0,1.468181818181818,-0.3740909090909091,-0.9727272727272727,15.6,7284319.0,20989.7,1.73,1064.505,99.85411
2024-06-30,29147.044,23286.508,4.1,238000.0,7412.0,2.1,157695.0,68.2,692449.0,19844.5,5.7,313.044,30.07,35.01,1327.0,1461.0,,6.9175,100.894,12814.0,1.5142105263157895,-0.431578947368421,-1.2010526315789474,15.6,7231163.0,21053.1,1.73,1063.9045,99.85411
2024-07-31,29511.664,23478.57,4.2,248000.0,7504.0,2.1,157748.0,66.4,698835.0,19949.5,5.3,313.569,30.16,35.08,1265.0,1436.0,,6.8475,99.9757,12806.0,1.5881818181818181,-0.24727272727272728,-1.1831818181818183,7.9,7178391.0,21084.2,1.74,1067.4365,99.85411
2024-08-31,29511.664,23478.57,4.2,228000.0,7649.0,2.0,157757.0,67.9,697039.0,20001.3,5.2,314.062,30.27,35.22,1391.0,1476.0,,6.5,100.4309,12772.0,1.7336363636363636,-0.09454545454545454,-1.4245454545454546,7.9,7123238.0,21171.1,1.74,1068.6987,99.85411
2024-09-30,29511.664,23478.57,4.1,227000.0,7103.0,1.9,157912.0,70.1,703055.0,20147.6,4.8,314.732,30.39,35.34,1357.0,1434.0,,6.18,99.8084,12758.0,1.6945000000000001,0.101,-1.1985,7.9,7080059.0,21257.5,1.74,1071.5047,99.85411
2024-10-31,29825.182,23586.542,4.1,218000.0,7615.0,2.0,157945.0,70.5,708290.0,20226.0,5.0,315.631,30.48,35.46,1352.0,1428.0,,6.428,99.4695,12697.0,1.5386363636363638,0.12318181818181818,-0.6227272727272727,0.0,7013490.0,21308.1,1.77,1080.0072,99.85411
2024-11-30,29825.182,23586.542,4.2,225000.0,8031.0,1.9,158079.0,71.8,711853.0,20313.6,4.9,316.528,30.56,35.6,1295.0,1508.0,,6.805,99.2925,12711.0,1.421578947368421,0.09842105263157895,-0.26421052631578945,0.0,6905140.0,21407.9,1.77,1070.3185,99.85411
2024-12-31,29825.182,23586.542,4.1,209000.0,7508.0,1.9,158316.0,74.0,717547.0,20514.3,4.3,317.604,30.66,35.69,1514.0,1480.0,,6.715,100.3273,12693.0,1.4095238095238094,0.1657142857142857,0.00047619047619047527,0.0,6885963.0,21424.5,1.77,1081.5849,99.85411
2025-01-31,30042.113,23548.21,4.0,210000.0,7762.0,2.0,158268.0,71.7,711461.0,20462.2,5.1,318.961,30.79,35.84,1358.0,1460.0,4090000.0,6.958,100.0647,12673.0,1.4476190476190476,0.35714285714285715,0.28619047619047616,6.2,6818186.0,21492.5,1.78,1046.0037,99.85411
2025-02-28,30042.113,23548.21,4.2,243000.0,7480.0,2.0,158310.0,64.7,711757.0,20519.8,5.2,319.679,30.89,35.94,1490.0,1454.0,4150000.0,6.842499999999999,101.0993,12671.0,1.471578947368421,0.24105263157894738,0.11894736842105265,6.2,6766101.0,21564.8,1.78,1046.8682,99.85411
2025-03-31,30042.113,23548.21,4.2,219000.0,7200.0,2.1,158377.0,57.0,722572.0,20683.0,5.1,319.785,31.02,36.11,1355.0,1481.0,4020000.0,6.65,101.0404,12666.0,1.6504761904761902,0.31047619047619046,-0.05523809523809523,6.2,6740253.0,21636.8,1.78,1050.3465,99.85411
2025-04-30,30485.729,23770.976,4.2,241000.0,7395.0,2.0,158485.0,52.2,721789.0,20746.4,5.5,320.302,31.09,36.12,1398.0,1422.0,4020000.0,6.725,101.1279,12662.0,1.9047619047619047,0.5014285714285714,-0.043333333333333335,18.5,6709277.0,21770.7,1.78,1040.2647,99.85411
2025-05-31,30485.729,23770.976,4.3,248000.0,7712.0,2.0,158498.0,52.2,716101.0,20755.0,4.9,320.62,31.2,36.28,1282.0,1394.0,4040000.0,6.816,100.9655,12651.0,1.8623809523809522,0.5038095238095238,0.062380952380952384,18.5,6673244.0,21827.6,1.78,1042.5423,99.85411
2025-06-30,30485.729,23770.976,4.1,232000.0,7357.0,2.0,158478.0,60.7,723033.0,20868.4,4.6,321.435,31.31,36.36,1382.0,1393.0,3980000.0,6.8175,101.4785,12636.0,1.7645,0.49450000000000005,-0.0375,18.5,6662200.0,21942.5,1.78,1044.6403,99.85411
2025-07-31,31098.027,24026.834,4.3,219000.0,7208.0,2.0,158542.0,61.7,727727.0,21007.3,4.3,322.169,31.39,36.47,1420.0,1362.0,4030000.0,6.720000000000001,101.894,12625.0,1.7068181818181818,0.5095454545454546,-0.020454545454545454,9.5,6642578.0,22028.6,1.78,1049.6102,99.85411
2025-08-31,31098.027,24026.834,4.3,236000.0,7227.0,1.9,158472.0,58.2,731700.0,21123.8,4.1,323.291,31.49,36.62,1291.0,1330.0,4030000.0,6.5875,101.6247,12615.0,1.7314285714285713,0.5609523809523809,-0.04,9.5,6603384.0,22108.2,1.78,1049.2084,99.85411
2025-09-30,31098.027,24026.834,4.4,224000.0,7658.0,2.0,158548.0,55.1,732192.0,21202.4,4.0,324.245,31.56,36.7,1328.0,1415.0,4080000.0,6.3525,101.7059,12612.0,1.7128571428571429,0.5519047619047619,0.054761904761904755,9.5,6608395.0,22211.9,1.78,1051.2938,99.85411
2025-10-31,31490.07,24111.83,4.4,220000.0,7449.0,1.9,158408.0,53.6,731051.0,21303.0,3.7,324.245,31.7,36.85,1272.0,1411.0,4110000.0,6.254,101.257,12603.0,1.6731818181818183,0.5404545454545455,0.08409090909090909,6.5,6587034.0,22297.8,1.78,1056.116,99.85411
2025-11-30,31490.07,24111.83,4.5,192000.0,6928.0,2.0,158449.0,51.0,735085.0,21383.9,3.7,325.063,31.79,37.0,1322.0,1388.0,4090000.0,6.2375,101.3775,12593.0,1.7633333333333334,0.543888888888889,0.15666666666666665,6.5,6552419.0,22322.1,1.78,1056.2063,99.85411
2025-12-31,31490.07,24111.83,4.4,200000.0,6542.0,2.0,158497.0,52.9,734967.0,21474.9,3.6,326.031,31.83,37.02,1404.0,1448.0,4270000.0,6.1899999999999995,101.6296,12585.0,1.7545454545454546,0.6422727272727273,0.4636363636363636,6.5,6640618.0,22411.0,1.78,1062.5037,99.85411
2026-01-31,31490.07,24111.83,4.3,232000.0,6542.0,2.0,158627.0,56.4,734967.0,21474.9,3.6,326.588,31.95,37.17,1404.0,1448.0,3910000.0,6.1025,102.3412,12590.0,1.6649999999999998,0.6765,0.548,5.3,6587568.0,22411.0,1.78,1067.6172,99.85411
2026-02-28,31490.07,24111.83,4.3,206000.0,6542.0,2.0,158627.0,56.4,734967.0,21474.9,3.6,326.588,31.95,37.17,1404.0,1448.0,3910000.0,6.07,102.3412,12590.0,1.6649999999999998,0.6686666666666666,0.4646666666666667,5.3,6613395.0,22411.0,1.78,1070.4012,99.85411
