funnel_id,user_id,step,step_order,completed,timestamp,signup_month
1,1,visit,1,1,2024-05-04 00:00:00,2024-05
2,1,signup,2,0,2024-05-05 03:00:00,2024-05
3,2,visit,1,1,2024-05-23 00:00:00,2024-05
4,2,signup,2,0,2024-05-24 03:00:00,2024-05
5,3,visit,1,1,2024-03-22 00:00:00,2024-03
6,3,signup,2,1,2024-03-23 23:00:00,2024-03
7,3,onboard,3,1,2024-03-25 12:00:00,2024-03
8,3,activate,4,0,2024-03-25 15:00:00,2024-03
9,4,visit,1,1,2024-01-06 00:00:00,2024-01
10,4,signup,2,1,2024-01-06 10:00:00,2024-01
11,4,onboard,3,0,2024-01-07 06:00:00,2024-01
12,5,visit,1,1,2024-02-12 00:00:00,2024-02
13,5,signup,2,1,2024-02-13 22:00:00,2024-02
14,5,onboard,3,0,2024-02-14 08:00:00,2024-02
15,6,visit,1,1,2024-05-15 00:00:00,2024-05
16,6,signup,2,0,2024-05-16 22:00:00,2024-05
17,7,visit,1,1,2024-01-20 00:00:00,2024-01
18,7,signup,2,1,2024-01-21 19:00:00,2024-01
19,7,onboard,3,0,2024-01-21 12:00:00,2024-01
20,8,visit,1,1,2024-02-21 00:00:00,2024-02
21,8,signup,2,0,2024-02-22 22:00:00,2024-02
22,9,visit,1,1,2024-01-16 00:00:00,2024-01
23,9,signup,2,0,2024-01-17 03:00:00,2024-01
24,10,visit,1,1,2024-04-22 00:00:00,2024-04
25,10,signup,2,1,2024-04-23 10:00:00,2024-04
26,10,onboard,3,1,2024-04-24 22:00:00,2024-04
27,10,activate,4,1,2024-04-27 12:00:00,2024-04
28,10,purchase,5,1,2024-04-26 20:00:00,2024-04
29,11,visit,1,1,2024-01-16 00:00:00,2024-01
30,11,signup,2,0,2024-01-16 23:00:00,2024-01
31,12,visit,1,1,2024-05-03 00:00:00,2024-05
32,12,signup,2,0,2024-05-03 04:00:00,2024-05
33,13,visit,1,1,2024-05-16 00:00:00,2024-05
34,13,signup,2,1,2024-05-17 15:00:00,2024-05
35,13,onboard,3,0,2024-05-19 10:00:00,2024-05
36,14,visit,1,1,2024-04-13 00:00:00,2024-04
37,14,signup,2,0,2024-04-13 14:00:00,2024-04
38,15,visit,1,1,2024-02-12 00:00:00,2024-02
39,15,signup,2,0,2024-02-13 03:00:00,2024-02
40,16,visit,1,1,2024-06-08 00:00:00,2024-06
41,16,signup,2,0,2024-06-08 02:00:00,2024-06
42,17,visit,1,1,2024-06-26 00:00:00,2024-06
43,17,signup,2,1,2024-06-26 16:00:00,2024-06
44,17,onboard,3,1,2024-06-29 16:00:00,2024-06
45,17,activate,4,1,2024-06-27 00:00:00,2024-06
46,17,purchase,5,0,2024-06-30 00:00:00,2024-06
47,18,visit,1,1,2024-03-17 00:00:00,2024-03
48,18,signup,2,0,2024-03-19 00:00:00,2024-03
49,19,visit,1,1,2024-02-17 00:00:00,2024-02
50,19,signup,2,1,2024-02-18 13:00:00,2024-02
51,19,onboard,3,1,2024-02-19 22:00:00,2024-02
52,19,activate,4,1,2024-02-20 03:00:00,2024-02
53,19,purchase,5,0,2024-02-18 04:00:00,2024-02
54,20,visit,1,1,2024-06-23 00:00:00,2024-06
55,20,signup,2,0,2024-06-23 02:00:00,2024-06
56,21,visit,1,1,2024-04-08 00:00:00,2024-04
57,21,signup,2,1,2024-04-09 02:00:00,2024-04
58,21,onboard,3,1,2024-04-11 06:00:00,2024-04
59,21,activate,4,1,2024-04-09 00:00:00,2024-04
60,21,purchase,5,1,2024-04-14 08:00:00,2024-04
61,22,visit,1,1,2024-05-01 00:00:00,2024-05
62,22,signup,2,0,2024-05-02 14:00:00,2024-05
63,23,visit,1,1,2024-03-15 00:00:00,2024-03
64,23,signup,2,0,2024-03-15 15:00:00,2024-03
65,24,visit,1,1,2024-06-16 00:00:00,2024-06
66,24,signup,2,0,2024-06-17 04:00:00,2024-06
67,25,visit,1,1,2024-05-25 00:00:00,2024-05
68,25,signup,2,0,2024-05-25 03:00:00,2024-05
69,26,visit,1,1,2024-01-31 00:00:00,2024-01
70,26,signup,2,1,2024-02-01 08:00:00,2024-01
71,26,onboard,3,1,2024-02-02 18:00:00,2024-01
72,26,activate,4,1,2024-02-04 06:00:00,2024-01
73,26,purchase,5,0,2024-02-02 12:00:00,2024-01
74,27,visit,1,1,2024-04-07 00:00:00,2024-04
75,27,signup,2,1,2024-04-08 21:00:00,2024-04
76,27,onboard,3,1,2024-04-09 16:00:00,2024-04
77,27,activate,4,1,2024-04-13 00:00:00,2024-04
78,27,purchase,5,1,2024-04-08 20:00:00,2024-04
79,28,visit,1,1,2024-06-12 00:00:00,2024-06
80,28,signup,2,0,2024-06-12 14:00:00,2024-06
81,29,visit,1,1,2024-04-14 00:00:00,2024-04
82,29,signup,2,1,2024-04-14 03:00:00,2024-04
83,29,onboard,3,1,2024-04-15 18:00:00,2024-04
84,29,activate,4,1,2024-04-14 09:00:00,2024-04
85,29,purchase,5,1,2024-04-21 00:00:00,2024-04
86,30,visit,1,1,2024-03-03 00:00:00,2024-03
87,30,signup,2,0,2024-03-04 20:00:00,2024-03
88,31,visit,1,1,2024-02-16 00:00:00,2024-02
89,31,signup,2,0,2024-02-17 22:00:00,2024-02
90,32,visit,1,1,2024-05-22 00:00:00,2024-05
91,32,signup,2,1,2024-05-23 00:00:00,2024-05
92,32,onboard,3,0,2024-05-24 22:00:00,2024-05
93,33,visit,1,1,2024-01-25 00:00:00,2024-01
94,33,signup,2,1,2024-01-25 20:00:00,2024-01
95,33,onboard,3,0,2024-01-25 08:00:00,2024-01
96,34,visit,1,1,2024-06-18 00:00:00,2024-06
97,34,signup,2,1,2024-06-18 10:00:00,2024-06
98,34,onboard,3,0,2024-06-21 12:00:00,2024-06
99,35,visit,1,1,2024-05-18 00:00:00,2024-05
100,35,signup,2,1,2024-05-19 11:00:00,2024-05
101,35,onboard,3,0,2024-05-18 16:00:00,2024-05
102,36,visit,1,1,2024-06-23 00:00:00,2024-06
103,36,signup,2,0,2024-06-24 11:00:00,2024-06
104,37,visit,1,1,2024-01-05 00:00:00,2024-01
105,37,signup,2,1,2024-01-06 17:00:00,2024-01
106,37,onboard,3,1,2024-01-07 10:00:00,2024-01
107,37,activate,4,1,2024-01-09 09:00:00,2024-01
108,37,purchase,5,1,2024-01-06 16:00:00,2024-01
109,38,visit,1,1,2024-05-17 00:00:00,2024-05
110,38,signup,2,0,2024-05-18 17:00:00,2024-05
111,39,visit,1,1,2024-01-14 00:00:00,2024-01
112,39,signup,2,0,2024-01-14 17:00:00,2024-01
113,40,visit,1,1,2024-01-26 00:00:00,2024-01
114,40,signup,2,0,2024-01-26 19:00:00,2024-01
115,41,visit,1,1,2024-06-01 00:00:00,2024-06
116,41,signup,2,0,2024-06-02 04:00:00,2024-06
117,42,visit,1,1,2024-03-09 00:00:00,2024-03
118,42,signup,2,0,2024-03-09 02:00:00,2024-03
119,43,visit,1,1,2024-01-12 00:00:00,2024-01
120,43,signup,2,0,2024-01-13 16:00:00,2024-01
121,44,visit,1,1,2024-02-07 00:00:00,2024-02
122,44,signup,2,0,2024-02-08 09:00:00,2024-02
123,45,visit,1,1,2024-03-30 00:00:00,2024-03
124,45,signup,2,1,2024-03-31 08:00:00,2024-03
125,45,onboard,3,1,2024-04-02 20:00:00,2024-03
126,45,activate,4,0,2024-04-03 21:00:00,2024-03
127,46,visit,1,1,2024-01-20 00:00:00,2024-01
128,46,signup,2,1,2024-01-21 05:00:00,2024-01
129,46,onboard,3,1,2024-01-22 18:00:00,2024-01
130,46,activate,4,1,2024-01-24 12:00:00,2024-01
131,46,purchase,5,0,2024-01-22 08:00:00,2024-01
132,47,visit,1,1,2024-06-28 00:00:00,2024-06
133,47,signup,2,0,2024-06-28 06:00:00,2024-06
134,48,visit,1,1,2024-02-11 00:00:00,2024-02
135,48,signup,2,0,2024-02-12 19:00:00,2024-02
136,49,visit,1,1,2024-03-16 00:00:00,2024-03
137,49,signup,2,0,2024-03-16 15:00:00,2024-03
138,50,visit,1,1,2024-05-15 00:00:00,2024-05
139,50,signup,2,1,2024-05-17 00:00:00,2024-05
140,50,onboard,3,1,2024-05-18 00:00:00,2024-05
141,50,activate,4,1,2024-05-21 00:00:00,2024-05
142,50,purchase,5,1,2024-05-17 16:00:00,2024-05
143,51,visit,1,1,2024-01-31 00:00:00,2024-01
144,51,signup,2,1,2024-02-01 06:00:00,2024-01
145,51,onboard,3,0,2024-02-01 16:00:00,2024-01
146,52,visit,1,1,2024-01-12 00:00:00,2024-01
147,52,signup,2,0,2024-01-13 22:00:00,2024-01
148,53,visit,1,1,2024-06-27 00:00:00,2024-06
149,53,signup,2,0,2024-06-27 23:00:00,2024-06
150,54,visit,1,1,2024-06-14 00:00:00,2024-06
151,54,signup,2,1,2024-06-14 19:00:00,2024-06
152,54,onboard,3,1,2024-06-17 10:00:00,2024-06
153,54,activate,4,1,2024-06-20 00:00:00,2024-06
154,54,purchase,5,0,2024-06-20 16:00:00,2024-06
155,55,visit,1,1,2024-03-19 00:00:00,2024-03
156,55,signup,2,1,2024-03-19 22:00:00,2024-03
157,55,onboard,3,1,2024-03-19 22:00:00,2024-03
158,55,activate,4,0,2024-03-19 15:00:00,2024-03
159,56,visit,1,1,2024-01-08 00:00:00,2024-01
160,56,signup,2,1,2024-01-09 12:00:00,2024-01
161,56,onboard,3,1,2024-01-09 14:00:00,2024-01
162,56,activate,4,0,2024-01-08 21:00:00,2024-01
163,57,visit,1,1,2024-03-02 00:00:00,2024-03
164,57,signup,2,0,2024-03-03 19:00:00,2024-03
165,58,visit,1,1,2024-02-21 00:00:00,2024-02
166,58,signup,2,0,2024-02-22 22:00:00,2024-02
167,59,visit,1,1,2024-06-29 00:00:00,2024-06
168,59,signup,2,1,2024-06-30 00:00:00,2024-06
169,59,onboard,3,0,2024-06-30 00:00:00,2024-06
170,60,visit,1,1,2024-01-20 00:00:00,2024-01
171,60,signup,2,0,2024-01-21 23:00:00,2024-01
172,61,visit,1,1,2024-06-20 00:00:00,2024-06
173,61,signup,2,1,2024-06-21 19:00:00,2024-06
174,61,onboard,3,1,2024-06-21 08:00:00,2024-06
175,61,activate,4,0,2024-06-20 06:00:00,2024-06
176,62,visit,1,1,2024-06-10 00:00:00,2024-06
177,62,signup,2,0,2024-06-11 17:00:00,2024-06
178,63,visit,1,1,2024-01-02 00:00:00,2024-01
179,63,signup,2,1,2024-01-03 23:00:00,2024-01
180,63,onboard,3,1,2024-01-04 02:00:00,2024-01
181,63,activate,4,0,2024-01-03 12:00:00,2024-01
182,64,visit,1,1,2024-06-19 00:00:00,2024-06
183,64,signup,2,1,2024-06-20 05:00:00,2024-06
184,64,onboard,3,1,2024-06-22 06:00:00,2024-06
185,64,activate,4,0,2024-06-22 09:00:00,2024-06
186,65,visit,1,1,2024-01-31 00:00:00,2024-01
187,65,signup,2,1,2024-01-31 21:00:00,2024-01
188,65,onboard,3,0,2024-02-01 08:00:00,2024-01
189,66,visit,1,1,2024-05-13 00:00:00,2024-05
190,66,signup,2,1,2024-05-13 09:00:00,2024-05
191,66,onboard,3,1,2024-05-16 18:00:00,2024-05
192,66,activate,4,0,2024-05-15 06:00:00,2024-05
193,67,visit,1,1,2024-01-18 00:00:00,2024-01
194,67,signup,2,1,2024-01-18 14:00:00,2024-01
195,67,onboard,3,0,2024-01-20 08:00:00,2024-01
196,68,visit,1,1,2024-05-29 00:00:00,2024-05
197,68,signup,2,0,2024-05-30 16:00:00,2024-05
198,69,visit,1,1,2024-04-17 00:00:00,2024-04
199,69,signup,2,0,2024-04-18 05:00:00,2024-04
200,70,visit,1,1,2024-04-15 00:00:00,2024-04
201,70,signup,2,1,2024-04-15 20:00:00,2024-04
202,70,onboard,3,1,2024-04-17 04:00:00,2024-04
203,70,activate,4,1,2024-04-17 09:00:00,2024-04
204,70,purchase,5,1,2024-04-16 20:00:00,2024-04
205,71,visit,1,1,2024-01-25 00:00:00,2024-01
206,71,signup,2,1,2024-01-25 20:00:00,2024-01
207,71,onboard,3,0,2024-01-27 00:00:00,2024-01
208,72,visit,1,1,2024-06-23 00:00:00,2024-06
209,72,signup,2,1,2024-06-24 01:00:00,2024-06
210,72,onboard,3,0,2024-06-23 16:00:00,2024-06
211,73,visit,1,1,2024-05-31 00:00:00,2024-05
212,73,signup,2,0,2024-05-31 09:00:00,2024-05
213,74,visit,1,1,2024-06-28 00:00:00,2024-06
214,74,signup,2,0,2024-06-28 23:00:00,2024-06
215,75,visit,1,1,2024-06-20 00:00:00,2024-06
216,75,signup,2,1,2024-06-21 16:00:00,2024-06
217,75,onboard,3,1,2024-06-21 22:00:00,2024-06
218,75,activate,4,1,2024-06-21 09:00:00,2024-06
219,75,purchase,5,0,2024-06-25 08:00:00,2024-06
220,76,visit,1,1,2024-06-04 00:00:00,2024-06
221,76,signup,2,0,2024-06-04 17:00:00,2024-06
222,77,visit,1,1,2024-06-01 00:00:00,2024-06
223,77,signup,2,0,2024-06-01 02:00:00,2024-06
224,78,visit,1,1,2024-02-13 00:00:00,2024-02
225,78,signup,2,1,2024-02-13 12:00:00,2024-02
226,78,onboard,3,0,2024-02-14 20:00:00,2024-02
227,79,visit,1,1,2024-02-13 00:00:00,2024-02
228,79,signup,2,0,2024-02-13 14:00:00,2024-02
229,80,visit,1,1,2024-05-30 00:00:00,2024-05
230,80,signup,2,0,2024-05-31 20:00:00,2024-05
231,81,visit,1,1,2024-03-05 00:00:00,2024-03
232,81,signup,2,1,2024-03-05 10:00:00,2024-03
233,81,onboard,3,1,2024-03-07 22:00:00,2024-03
234,81,activate,4,1,2024-03-05 03:00:00,2024-03
235,81,purchase,5,1,2024-03-07 16:00:00,2024-03
236,82,visit,1,1,2024-04-22 00:00:00,2024-04
237,82,signup,2,1,2024-04-23 00:00:00,2024-04
238,82,onboard,3,1,2024-04-25 22:00:00,2024-04
239,82,activate,4,0,2024-04-22 18:00:00,2024-04
240,83,visit,1,1,2024-03-08 00:00:00,2024-03
241,83,signup,2,1,2024-03-08 13:00:00,2024-03
242,83,onboard,3,1,2024-03-08 12:00:00,2024-03
243,83,activate,4,1,2024-03-13 15:00:00,2024-03
244,83,purchase,5,0,2024-03-13 00:00:00,2024-03
245,84,visit,1,1,2024-01-23 00:00:00,2024-01
246,84,signup,2,0,2024-01-23 21:00:00,2024-01
247,85,visit,1,1,2024-01-01 00:00:00,2024-01
248,85,signup,2,0,2024-01-01 01:00:00,2024-01
249,86,visit,1,1,2024-03-11 00:00:00,2024-03
250,86,signup,2,1,2024-03-11 16:00:00,2024-03
251,86,onboard,3,1,2024-03-14 12:00:00,2024-03
252,86,activate,4,0,2024-03-11 21:00:00,2024-03
253,87,visit,1,1,2024-03-01 00:00:00,2024-03
254,87,signup,2,0,2024-03-02 00:00:00,2024-03
255,88,visit,1,1,2024-03-01 00:00:00,2024-03
256,88,signup,2,1,2024-03-02 21:00:00,2024-03
257,88,onboard,3,1,2024-03-02 08:00:00,2024-03
258,88,activate,4,1,2024-03-02 18:00:00,2024-03
259,88,purchase,5,0,2024-03-04 12:00:00,2024-03
260,89,visit,1,1,2024-01-25 00:00:00,2024-01
261,89,signup,2,1,2024-01-26 04:00:00,2024-01
262,89,onboard,3,1,2024-01-27 06:00:00,2024-01
263,89,activate,4,1,2024-01-25 21:00:00,2024-01
264,89,purchase,5,0,2024-01-25 04:00:00,2024-01
265,90,visit,1,1,2024-04-29 00:00:00,2024-04
266,90,signup,2,1,2024-04-30 06:00:00,2024-04
267,90,onboard,3,1,2024-05-02 08:00:00,2024-04
268,90,activate,4,0,2024-05-04 03:00:00,2024-04
269,91,visit,1,1,2024-02-25 00:00:00,2024-02
270,91,signup,2,1,2024-02-25 22:00:00,2024-02
271,91,onboard,3,0,2024-02-25 08:00:00,2024-02
272,92,visit,1,1,2024-03-31 00:00:00,2024-03
273,92,signup,2,0,2024-03-31 01:00:00,2024-03
274,93,visit,1,1,2024-05-07 00:00:00,2024-05
275,93,signup,2,0,2024-05-08 19:00:00,2024-05
276,94,visit,1,1,2024-01-19 00:00:00,2024-01
277,94,signup,2,1,2024-01-19 17:00:00,2024-01
278,94,onboard,3,1,2024-01-23 00:00:00,2024-01
279,94,activate,4,1,2024-01-22 06:00:00,2024-01
280,94,purchase,5,1,2024-01-21 00:00:00,2024-01
281,95,visit,1,1,2024-06-05 00:00:00,2024-06
282,95,signup,2,0,2024-06-06 04:00:00,2024-06
283,96,visit,1,1,2024-04-28 00:00:00,2024-04
284,96,signup,2,0,2024-04-28 22:00:00,2024-04
285,97,visit,1,1,2024-02-07 00:00:00,2024-02
286,97,signup,2,0,2024-02-07 09:00:00,2024-02
287,98,visit,1,1,2024-05-07 00:00:00,2024-05
288,98,signup,2,1,2024-05-07 19:00:00,2024-05
289,98,onboard,3,0,2024-05-07 04:00:00,2024-05
290,99,visit,1,1,2024-05-31 00:00:00,2024-05
291,99,signup,2,1,2024-05-31 21:00:00,2024-05
292,99,onboard,3,1,2024-06-01 18:00:00,2024-05
293,99,activate,4,0,2024-06-04 15:00:00,2024-05
294,100,visit,1,1,2024-03-31 00:00:00,2024-03
295,100,signup,2,0,2024-04-01 02:00:00,2024-03
296,101,visit,1,1,2024-01-26 00:00:00,2024-01
297,101,signup,2,1,2024-01-28 00:00:00,2024-01
298,101,onboard,3,1,2024-01-26 18:00:00,2024-01
299,101,activate,4,1,2024-01-27 03:00:00,2024-01
300,101,purchase,5,1,2024-01-26 12:00:00,2024-01
301,102,visit,1,1,2024-03-02 00:00:00,2024-03
302,102,signup,2,0,2024-03-03 14:00:00,2024-03
303,103,visit,1,1,2024-03-23 00:00:00,2024-03
304,103,signup,2,1,2024-03-24 00:00:00,2024-03
305,103,onboard,3,1,2024-03-26 12:00:00,2024-03
306,103,activate,4,1,2024-03-28 09:00:00,2024-03
307,103,purchase,5,0,2024-03-23 12:00:00,2024-03
308,104,visit,1,1,2024-03-28 00:00:00,2024-03
309,104,signup,2,0,2024-03-28 17:00:00,2024-03
310,105,visit,1,1,2024-04-04 00:00:00,2024-04
311,105,signup,2,1,2024-04-04 07:00:00,2024-04
312,105,onboard,3,1,2024-04-07 12:00:00,2024-04
313,105,activate,4,1,2024-04-05 12:00:00,2024-04
314,105,purchase,5,1,2024-04-05 08:00:00,2024-04
315,106,visit,1,1,2024-02-15 00:00:00,2024-02
316,106,signup,2,1,2024-02-16 15:00:00,2024-02
317,106,onboard,3,1,2024-02-17 06:00:00,2024-02
318,106,activate,4,0,2024-02-17 18:00:00,2024-02
319,107,visit,1,1,2024-01-30 00:00:00,2024-01
320,107,signup,2,1,2024-01-31 02:00:00,2024-01
321,107,onboard,3,1,2024-01-31 16:00:00,2024-01
322,107,activate,4,1,2024-02-02 12:00:00,2024-01
323,107,purchase,5,0,2024-02-01 00:00:00,2024-01
324,108,visit,1,1,2024-03-21 00:00:00,2024-03
325,108,signup,2,1,2024-03-21 13:00:00,2024-03
326,108,onboard,3,1,2024-03-25 00:00:00,2024-03
327,108,activate,4,1,2024-03-25 18:00:00,2024-03
328,108,purchase,5,0,2024-03-23 16:00:00,2024-03
329,109,visit,1,1,2024-06-10 00:00:00,2024-06
330,109,signup,2,0,2024-06-11 07:00:00,2024-06
331,110,visit,1,1,2024-06-15 00:00:00,2024-06
332,110,signup,2,1,2024-06-16 13:00:00,2024-06
333,110,onboard,3,1,2024-06-18 10:00:00,2024-06
334,110,activate,4,1,2024-06-20 00:00:00,2024-06
335,110,purchase,5,1,2024-06-17 12:00:00,2024-06
336,111,visit,1,1,2024-02-27 00:00:00,2024-02
337,111,signup,2,1,2024-02-27 12:00:00,2024-02
338,111,onboard,3,0,2024-02-29 04:00:00,2024-02
339,112,visit,1,1,2024-04-14 00:00:00,2024-04
340,112,signup,2,0,2024-04-14 05:00:00,2024-04
341,113,visit,1,1,2024-04-04 00:00:00,2024-04
342,113,signup,2,0,2024-04-05 00:00:00,2024-04
343,114,visit,1,1,2024-05-09 00:00:00,2024-05
344,114,signup,2,0,2024-05-10 16:00:00,2024-05
345,115,visit,1,1,2024-06-27 00:00:00,2024-06
346,115,signup,2,1,2024-06-27 18:00:00,2024-06
347,115,onboard,3,1,2024-06-29 00:00:00,2024-06
348,115,activate,4,1,2024-06-30 00:00:00,2024-06
349,115,purchase,5,0,2024-06-30 00:00:00,2024-06
350,116,visit,1,1,2024-04-24 00:00:00,2024-04
351,116,signup,2,0,2024-04-24 18:00:00,2024-04
352,117,visit,1,1,2024-06-17 00:00:00,2024-06
353,117,signup,2,1,2024-06-17 21:00:00,2024-06
354,117,onboard,3,1,2024-06-18 20:00:00,2024-06
355,117,activate,4,1,2024-06-21 18:00:00,2024-06
356,117,purchase,5,0,2024-06-24 12:00:00,2024-06
357,118,visit,1,1,2024-03-29 00:00:00,2024-03
358,118,signup,2,0,2024-03-30 13:00:00,2024-03
359,119,visit,1,1,2024-02-18 00:00:00,2024-02
360,119,signup,2,0,2024-02-18 10:00:00,2024-02
361,120,visit,1,1,2024-03-08 00:00:00,2024-03
362,120,signup,2,0,2024-03-09 01:00:00,2024-03
363,121,visit,1,1,2024-05-26 00:00:00,2024-05
364,121,signup,2,1,2024-05-26 07:00:00,2024-05
365,121,onboard,3,1,2024-05-26 12:00:00,2024-05
366,121,activate,4,1,2024-05-29 18:00:00,2024-05
367,121,purchase,5,0,2024-06-02 12:00:00,2024-05
368,122,visit,1,1,2024-01-30 00:00:00,2024-01
369,122,signup,2,0,2024-01-31 12:00:00,2024-01
370,123,visit,1,1,2024-03-31 00:00:00,2024-03
371,123,signup,2,1,2024-04-01 19:00:00,2024-03
372,123,onboard,3,1,2024-04-03 00:00:00,2024-03
373,123,activate,4,1,2024-04-06 00:00:00,2024-03
374,123,purchase,5,0,2024-04-07 04:00:00,2024-03
375,124,visit,1,1,2024-05-25 00:00:00,2024-05
376,124,signup,2,0,2024-05-26 02:00:00,2024-05
377,125,visit,1,1,2024-01-21 00:00:00,2024-01
378,125,signup,2,1,2024-01-22 07:00:00,2024-01
379,125,onboard,3,1,2024-01-22 08:00:00,2024-01
380,125,activate,4,1,2024-01-25 09:00:00,2024-01
381,125,purchase,5,0,2024-01-21 20:00:00,2024-01
382,126,visit,1,1,2024-03-18 00:00:00,2024-03
383,126,signup,2,0,2024-03-19 20:00:00,2024-03
384,127,visit,1,1,2024-01-20 00:00:00,2024-01
385,127,signup,2,1,2024-01-21 09:00:00,2024-01
386,127,onboard,3,1,2024-01-23 18:00:00,2024-01
387,127,activate,4,1,2024-01-20 06:00:00,2024-01
388,127,purchase,5,1,2024-01-25 08:00:00,2024-01
389,128,visit,1,1,2024-06-03 00:00:00,2024-06
390,128,signup,2,1,2024-06-03 04:00:00,2024-06
391,128,onboard,3,1,2024-06-03 22:00:00,2024-06
392,128,activate,4,0,2024-06-03 03:00:00,2024-06
393,129,visit,1,1,2024-05-08 00:00:00,2024-05
394,129,signup,2,0,2024-05-09 04:00:00,2024-05
395,130,visit,1,1,2024-06-08 00:00:00,2024-06
396,130,signup,2,0,2024-06-08 02:00:00,2024-06
397,131,visit,1,1,2024-05-17 00:00:00,2024-05
398,131,signup,2,1,2024-05-17 18:00:00,2024-05
399,131,onboard,3,1,2024-05-17 16:00:00,2024-05
400,131,activate,4,1,2024-05-18 00:00:00,2024-05
401,131,purchase,5,0,2024-05-21 08:00:00,2024-05
402,132,visit,1,1,2024-04-29 00:00:00,2024-04
403,132,signup,2,0,2024-04-30 05:00:00,2024-04
404,133,visit,1,1,2024-06-09 00:00:00,2024-06
405,133,signup,2,0,2024-06-09 10:00:00,2024-06
406,134,visit,1,1,2024-02-24 00:00:00,2024-02
407,134,signup,2,1,2024-02-25 21:00:00,2024-02
408,134,onboard,3,1,2024-02-26 04:00:00,2024-02
409,134,activate,4,1,2024-02-25 15:00:00,2024-02
410,134,purchase,5,0,2024-02-29 00:00:00,2024-02
411,135,visit,1,1,2024-05-09 00:00:00,2024-05
412,135,signup,2,0,2024-05-10 14:00:00,2024-05
413,136,visit,1,1,2024-04-04 00:00:00,2024-04
414,136,signup,2,1,2024-04-05 02:00:00,2024-04
415,136,onboard,3,0,2024-04-05 10:00:00,2024-04
416,137,visit,1,1,2024-05-16 00:00:00,2024-05
417,137,signup,2,1,2024-05-17 19:00:00,2024-05
418,137,onboard,3,1,2024-05-19 12:00:00,2024-05
419,137,activate,4,1,2024-05-19 03:00:00,2024-05
420,137,purchase,5,0,2024-05-22 04:00:00,2024-05
421,138,visit,1,1,2024-01-17 00:00:00,2024-01
422,138,signup,2,1,2024-01-18 20:00:00,2024-01
423,138,onboard,3,1,2024-01-20 16:00:00,2024-01
424,138,activate,4,0,2024-01-18 21:00:00,2024-01
425,139,visit,1,1,2024-05-14 00:00:00,2024-05
426,139,signup,2,0,2024-05-14 03:00:00,2024-05
427,140,visit,1,1,2024-01-19 00:00:00,2024-01
428,140,signup,2,1,2024-01-19 23:00:00,2024-01
429,140,onboard,3,0,2024-01-22 02:00:00,2024-01
430,141,visit,1,1,2024-03-12 00:00:00,2024-03
431,141,signup,2,0,2024-03-12 16:00:00,2024-03
432,142,visit,1,1,2024-03-05 00:00:00,2024-03
433,142,signup,2,0,2024-03-05 03:00:00,2024-03
434,143,visit,1,1,2024-01-24 00:00:00,2024-01
435,143,signup,2,1,2024-01-24 15:00:00,2024-01
436,143,onboard,3,1,2024-01-25 12:00:00,2024-01
437,143,activate,4,1,2024-01-29 09:00:00,2024-01
438,143,purchase,5,1,2024-01-29 04:00:00,2024-01
439,144,visit,1,1,2024-02-07 00:00:00,2024-02
440,144,signup,2,0,2024-02-07 18:00:00,2024-02
441,145,visit,1,1,2024-04-25 00:00:00,2024-04
442,145,signup,2,1,2024-04-26 13:00:00,2024-04
443,145,onboard,3,1,2024-04-28 18:00:00,2024-04
444,145,activate,4,1,2024-04-30 21:00:00,2024-04
445,145,purchase,5,1,2024-04-25 20:00:00,2024-04
446,146,visit,1,1,2024-03-11 00:00:00,2024-03
447,146,signup,2,0,2024-03-11 03:00:00,2024-03
448,147,visit,1,1,2024-01-09 00:00:00,2024-01
449,147,signup,2,0,2024-01-09 06:00:00,2024-01
450,148,visit,1,1,2024-05-03 00:00:00,2024-05
451,148,signup,2,0,2024-05-04 14:00:00,2024-05
452,149,visit,1,1,2024-02-25 00:00:00,2024-02
453,149,signup,2,0,2024-02-25 06:00:00,2024-02
454,150,visit,1,1,2024-02-19 00:00:00,2024-02
455,150,signup,2,0,2024-02-20 18:00:00,2024-02
456,151,visit,1,1,2024-04-05 00:00:00,2024-04
457,151,signup,2,0,2024-04-05 03:00:00,2024-04
458,152,visit,1,1,2024-06-06 00:00:00,2024-06
459,152,signup,2,0,2024-06-07 03:00:00,2024-06
460,153,visit,1,1,2024-04-18 00:00:00,2024-04
461,153,signup,2,1,2024-04-19 11:00:00,2024-04
462,153,onboard,3,0,2024-04-22 00:00:00,2024-04
463,154,visit,1,1,2024-05-30 00:00:00,2024-05
464,154,signup,2,0,2024-05-30 16:00:00,2024-05
465,155,visit,1,1,2024-03-24 00:00:00,2024-03
466,155,signup,2,0,2024-03-24 13:00:00,2024-03
467,156,visit,1,1,2024-05-28 00:00:00,2024-05
468,156,signup,2,0,2024-05-28 20:00:00,2024-05
469,157,visit,1,1,2024-02-16 00:00:00,2024-02
470,157,signup,2,0,2024-02-16 14:00:00,2024-02
471,158,visit,1,1,2024-05-13 00:00:00,2024-05
472,158,signup,2,1,2024-05-14 21:00:00,2024-05
473,158,onboard,3,1,2024-05-16 14:00:00,2024-05
474,158,activate,4,1,2024-05-17 18:00:00,2024-05
475,158,purchase,5,1,2024-05-18 20:00:00,2024-05
476,159,visit,1,1,2024-05-16 00:00:00,2024-05
477,159,signup,2,1,2024-05-17 07:00:00,2024-05
478,159,onboard,3,1,2024-05-19 18:00:00,2024-05
479,159,activate,4,0,2024-05-20 00:00:00,2024-05
480,160,visit,1,1,2024-06-01 00:00:00,2024-06
481,160,signup,2,0,2024-06-01 07:00:00,2024-06
482,161,visit,1,1,2024-03-23 00:00:00,2024-03
483,161,signup,2,0,2024-03-23 02:00:00,2024-03
484,162,visit,1,1,2024-06-09 00:00:00,2024-06
485,162,signup,2,0,2024-06-10 19:00:00,2024-06
486,163,visit,1,1,2024-05-25 00:00:00,2024-05
487,163,signup,2,0,2024-05-26 10:00:00,2024-05
488,164,visit,1,1,2024-05-13 00:00:00,2024-05
489,164,signup,2,1,2024-05-13 06:00:00,2024-05
490,164,onboard,3,1,2024-05-15 22:00:00,2024-05
491,164,activate,4,1,2024-05-18 03:00:00,2024-05
492,164,purchase,5,1,2024-05-14 12:00:00,2024-05
493,165,visit,1,1,2024-04-05 00:00:00,2024-04
494,165,signup,2,1,2024-04-06 15:00:00,2024-04
495,165,onboard,3,1,2024-04-07 08:00:00,2024-04
496,165,activate,4,1,2024-04-09 03:00:00,2024-04
497,165,purchase,5,1,2024-04-09 04:00:00,2024-04
498,166,visit,1,1,2024-04-27 00:00:00,2024-04
499,166,signup,2,1,2024-04-27 05:00:00,2024-04
500,166,onboard,3,1,2024-04-27 12:00:00,2024-04
501,166,activate,4,1,2024-05-02 03:00:00,2024-04
502,166,purchase,5,1,2024-05-03 16:00:00,2024-04
503,167,visit,1,1,2024-04-24 00:00:00,2024-04
504,167,signup,2,0,2024-04-24 08:00:00,2024-04
505,168,visit,1,1,2024-04-21 00:00:00,2024-04
506,168,signup,2,1,2024-04-22 18:00:00,2024-04
507,168,onboard,3,1,2024-04-22 22:00:00,2024-04
508,168,activate,4,1,2024-04-21 12:00:00,2024-04
509,168,purchase,5,1,2024-04-23 16:00:00,2024-04
510,169,visit,1,1,2024-06-26 00:00:00,2024-06
511,169,signup,2,1,2024-06-26 04:00:00,2024-06
512,169,onboard,3,1,2024-06-29 14:00:00,2024-06
513,169,activate,4,1,2024-06-30 00:00:00,2024-06
514,169,purchase,5,1,2024-06-26 20:00:00,2024-06
515,170,visit,1,1,2024-01-18 00:00:00,2024-01
516,170,signup,2,0,2024-01-18 22:00:00,2024-01
517,171,visit,1,1,2024-06-15 00:00:00,2024-06
518,171,signup,2,1,2024-06-16 18:00:00,2024-06
519,171,onboard,3,1,2024-06-16 16:00:00,2024-06
520,171,activate,4,0,2024-06-15 03:00:00,2024-06
521,172,visit,1,1,2024-06-06 00:00:00,2024-06
522,172,signup,2,1,2024-06-07 23:00:00,2024-06
523,172,onboard,3,0,2024-06-09 20:00:00,2024-06
524,173,visit,1,1,2024-03-03 00:00:00,2024-03
525,173,signup,2,0,2024-03-04 16:00:00,2024-03
526,174,visit,1,1,2024-05-07 00:00:00,2024-05
527,174,signup,2,0,2024-05-07 23:00:00,2024-05
528,175,visit,1,1,2024-03-11 00:00:00,2024-03
529,175,signup,2,1,2024-03-12 13:00:00,2024-03
530,175,onboard,3,0,2024-03-14 06:00:00,2024-03
531,176,visit,1,1,2024-02-09 00:00:00,2024-02
532,176,signup,2,1,2024-02-09 07:00:00,2024-02
533,176,onboard,3,1,2024-02-12 10:00:00,2024-02
534,176,activate,4,0,2024-02-11 18:00:00,2024-02
535,177,visit,1,1,2024-01-24 00:00:00,2024-01
536,177,signup,2,0,2024-01-25 02:00:00,2024-01
537,178,visit,1,1,2024-03-01 00:00:00,2024-03
538,178,signup,2,0,2024-03-01 19:00:00,2024-03
539,179,visit,1,1,2024-03-30 00:00:00,2024-03
540,179,signup,2,1,2024-03-31 23:00:00,2024-03
541,179,onboard,3,1,2024-03-30 20:00:00,2024-03
542,179,activate,4,0,2024-03-31 03:00:00,2024-03
543,180,visit,1,1,2024-04-08 00:00:00,2024-04
544,180,signup,2,1,2024-04-08 02:00:00,2024-04
545,180,onboard,3,1,2024-04-08 02:00:00,2024-04
546,180,activate,4,1,2024-04-13 09:00:00,2024-04
547,180,purchase,5,1,2024-04-11 04:00:00,2024-04
548,181,visit,1,1,2024-02-17 00:00:00,2024-02
549,181,signup,2,0,2024-02-17 08:00:00,2024-02
550,182,visit,1,1,2024-04-08 00:00:00,2024-04
551,182,signup,2,0,2024-04-09 01:00:00,2024-04
552,183,visit,1,1,2024-03-06 00:00:00,2024-03
553,183,signup,2,0,2024-03-06 17:00:00,2024-03
554,184,visit,1,1,2024-05-20 00:00:00,2024-05
555,184,signup,2,0,2024-05-20 07:00:00,2024-05
556,185,visit,1,1,2024-06-17 00:00:00,2024-06
557,185,signup,2,0,2024-06-18 03:00:00,2024-06
558,186,visit,1,1,2024-05-28 00:00:00,2024-05
559,186,signup,2,1,2024-05-28 18:00:00,2024-05
560,186,onboard,3,0,2024-05-28 14:00:00,2024-05
561,187,visit,1,1,2024-05-15 00:00:00,2024-05
562,187,signup,2,1,2024-05-16 07:00:00,2024-05
563,187,onboard,3,1,2024-05-16 02:00:00,2024-05
564,187,activate,4,1,2024-05-16 00:00:00,2024-05
565,187,purchase,5,1,2024-05-22 04:00:00,2024-05
566,188,visit,1,1,2024-01-09 00:00:00,2024-01
567,188,signup,2,1,2024-01-09 10:00:00,2024-01
568,188,onboard,3,1,2024-01-12 00:00:00,2024-01
569,188,activate,4,1,2024-01-09 03:00:00,2024-01
570,188,purchase,5,1,2024-01-14 04:00:00,2024-01
571,189,visit,1,1,2024-03-15 00:00:00,2024-03
572,189,signup,2,0,2024-03-15 23:00:00,2024-03
573,190,visit,1,1,2024-04-06 00:00:00,2024-04
574,190,signup,2,0,2024-04-06 03:00:00,2024-04
575,191,visit,1,1,2024-06-17 00:00:00,2024-06
576,191,signup,2,1,2024-06-18 12:00:00,2024-06
577,191,onboard,3,1,2024-06-20 06:00:00,2024-06
578,191,activate,4,0,2024-06-18 21:00:00,2024-06
579,192,visit,1,1,2024-01-03 00:00:00,2024-01
580,192,signup,2,0,2024-01-03 16:00:00,2024-01
581,193,visit,1,1,2024-01-15 00:00:00,2024-01
582,193,signup,2,0,2024-01-15 21:00:00,2024-01
583,194,visit,1,1,2024-05-06 00:00:00,2024-05
584,194,signup,2,0,2024-05-06 11:00:00,2024-05
585,195,visit,1,1,2024-03-14 00:00:00,2024-03
586,195,signup,2,0,2024-03-14 01:00:00,2024-03
587,196,visit,1,1,2024-06-18 00:00:00,2024-06
588,196,signup,2,1,2024-06-19 17:00:00,2024-06
589,196,onboard,3,0,2024-06-21 14:00:00,2024-06
590,197,visit,1,1,2024-02-14 00:00:00,2024-02
591,197,signup,2,0,2024-02-14 03:00:00,2024-02
592,198,visit,1,1,2024-03-27 00:00:00,2024-03
593,198,signup,2,0,2024-03-27 02:00:00,2024-03
594,199,visit,1,1,2024-06-03 00:00:00,2024-06
595,199,signup,2,1,2024-06-03 05:00:00,2024-06
596,199,onboard,3,1,2024-06-04 16:00:00,2024-06
597,199,activate,4,1,2024-06-05 09:00:00,2024-06
598,199,purchase,5,0,2024-06-10 16:00:00,2024-06
599,200,visit,1,1,2024-04-13 00:00:00,2024-04
600,200,signup,2,1,2024-04-14 16:00:00,2024-04
601,200,onboard,3,1,2024-04-13 18:00:00,2024-04
602,200,activate,4,0,2024-04-17 03:00:00,2024-04
603,201,visit,1,1,2024-01-16 00:00:00,2024-01
604,201,signup,2,0,2024-01-16 17:00:00,2024-01
605,202,visit,1,1,2024-06-26 00:00:00,2024-06
606,202,signup,2,1,2024-06-27 06:00:00,2024-06
607,202,onboard,3,1,2024-06-29 10:00:00,2024-06
608,202,activate,4,1,2024-06-26 09:00:00,2024-06
609,202,purchase,5,1,2024-06-30 00:00:00,2024-06
610,203,visit,1,1,2024-02-19 00:00:00,2024-02
611,203,signup,2,0,2024-02-19 15:00:00,2024-02
612,204,visit,1,1,2024-05-11 00:00:00,2024-05
613,204,signup,2,0,2024-05-12 08:00:00,2024-05
614,205,visit,1,1,2024-02-28 00:00:00,2024-02
615,205,signup,2,0,2024-02-28 02:00:00,2024-02
616,206,visit,1,1,2024-02-08 00:00:00,2024-02
617,206,signup,2,0,2024-02-09 14:00:00,2024-02
618,207,visit,1,1,2024-04-21 00:00:00,2024-04
619,207,signup,2,1,2024-04-21 15:00:00,2024-04
620,207,onboard,3,0,2024-04-24 08:00:00,2024-04
621,208,visit,1,1,2024-06-10 00:00:00,2024-06
622,208,signup,2,1,2024-06-10 16:00:00,2024-06
623,208,onboard,3,0,2024-06-12 04:00:00,2024-06
624,209,visit,1,1,2024-06-25 00:00:00,2024-06
625,209,signup,2,1,2024-06-25 22:00:00,2024-06
626,209,onboard,3,1,2024-06-26 22:00:00,2024-06
627,209,activate,4,0,2024-06-28 00:00:00,2024-06
628,210,visit,1,1,2024-05-30 00:00:00,2024-05
629,210,signup,2,0,2024-05-30 02:00:00,2024-05
630,211,visit,1,1,2024-04-30 00:00:00,2024-04
631,211,signup,2,1,2024-05-02 00:00:00,2024-04
632,211,onboard,3,1,2024-05-02 06:00:00,2024-04
633,211,activate,4,1,2024-05-03 12:00:00,2024-04
634,211,purchase,5,0,2024-04-30 16:00:00,2024-04
635,212,visit,1,1,2024-05-01 00:00:00,2024-05
636,212,signup,2,0,2024-05-02 10:00:00,2024-05
637,213,visit,1,1,2024-01-07 00:00:00,2024-01
638,213,signup,2,1,2024-01-08 01:00:00,2024-01
639,213,onboard,3,1,2024-01-07 08:00:00,2024-01
640,213,activate,4,1,2024-01-10 09:00:00,2024-01
641,213,purchase,5,1,2024-01-09 12:00:00,2024-01
642,214,visit,1,1,2024-03-04 00:00:00,2024-03
643,214,signup,2,1,2024-03-04 03:00:00,2024-03
644,214,onboard,3,1,2024-03-05 18:00:00,2024-03
645,214,activate,4,1,2024-03-07 09:00:00,2024-03
646,214,purchase,5,1,2024-03-06 12:00:00,2024-03
647,215,visit,1,1,2024-06-19 00:00:00,2024-06
648,215,signup,2,1,2024-06-20 14:00:00,2024-06
649,215,onboard,3,0,2024-06-19 08:00:00,2024-06
650,216,visit,1,1,2024-02-19 00:00:00,2024-02
651,216,signup,2,0,2024-02-20 09:00:00,2024-02
652,217,visit,1,1,2024-05-24 00:00:00,2024-05
653,217,signup,2,0,2024-05-25 16:00:00,2024-05
654,218,visit,1,1,2024-01-28 00:00:00,2024-01
655,218,signup,2,0,2024-01-29 02:00:00,2024-01
656,219,visit,1,1,2024-06-13 00:00:00,2024-06
657,219,signup,2,0,2024-06-14 08:00:00,2024-06
658,220,visit,1,1,2024-02-21 00:00:00,2024-02
659,220,signup,2,1,2024-02-21 01:00:00,2024-02
660,220,onboard,3,1,2024-02-24 16:00:00,2024-02
661,220,activate,4,1,2024-02-27 00:00:00,2024-02
662,220,purchase,5,1,2024-02-23 20:00:00,2024-02
663,221,visit,1,1,2024-04-23 00:00:00,2024-04
664,221,signup,2,0,2024-04-23 03:00:00,2024-04
665,222,visit,1,1,2024-04-01 00:00:00,2024-04
666,222,signup,2,0,2024-04-01 20:00:00,2024-04
667,223,visit,1,1,2024-02-12 00:00:00,2024-02
668,223,signup,2,1,2024-02-13 02:00:00,2024-02
669,223,onboard,3,1,2024-02-13 18:00:00,2024-02
670,223,activate,4,1,2024-02-14 15:00:00,2024-02
671,223,purchase,5,1,2024-02-18 08:00:00,2024-02
672,224,visit,1,1,2024-05-06 00:00:00,2024-05
673,224,signup,2,1,2024-05-07 08:00:00,2024-05
674,224,onboard,3,1,2024-05-08 02:00:00,2024-05
675,224,activate,4,1,2024-05-08 06:00:00,2024-05
676,224,purchase,5,1,2024-05-10 20:00:00,2024-05
677,225,visit,1,1,2024-04-05 00:00:00,2024-04
678,225,signup,2,1,2024-04-05 10:00:00,2024-04
679,225,onboard,3,1,2024-04-06 20:00:00,2024-04
680,225,activate,4,0,2024-04-07 09:00:00,2024-04
681,226,visit,1,1,2024-03-29 00:00:00,2024-03
682,226,signup,2,0,2024-03-29 21:00:00,2024-03
683,227,visit,1,1,2024-03-22 00:00:00,2024-03
684,227,signup,2,0,2024-03-22 15:00:00,2024-03
685,228,visit,1,1,2024-06-10 00:00:00,2024-06
686,228,signup,2,0,2024-06-10 09:00:00,2024-06
687,229,visit,1,1,2024-05-14 00:00:00,2024-05
688,229,signup,2,1,2024-05-15 21:00:00,2024-05
689,229,onboard,3,1,2024-05-14 12:00:00,2024-05
690,229,activate,4,1,2024-05-14 21:00:00,2024-05
691,229,purchase,5,1,2024-05-15 20:00:00,2024-05
692,230,visit,1,1,2024-01-20 00:00:00,2024-01
693,230,signup,2,1,2024-01-20 06:00:00,2024-01
694,230,onboard,3,1,2024-01-22 22:00:00,2024-01
695,230,activate,4,0,2024-01-21 12:00:00,2024-01
696,231,visit,1,1,2024-01-12 00:00:00,2024-01
697,231,signup,2,0,2024-01-13 14:00:00,2024-01
698,232,visit,1,1,2024-01-18 00:00:00,2024-01
699,232,signup,2,1,2024-01-18 14:00:00,2024-01
700,232,onboard,3,1,2024-01-18 02:00:00,2024-01
701,232,activate,4,1,2024-01-19 03:00:00,2024-01
702,232,purchase,5,0,2024-01-18 12:00:00,2024-01
703,233,visit,1,1,2024-01-10 00:00:00,2024-01
704,233,signup,2,0,2024-01-11 14:00:00,2024-01
705,234,visit,1,1,2024-02-09 00:00:00,2024-02
706,234,signup,2,1,2024-02-09 23:00:00,2024-02
707,234,onboard,3,1,2024-02-09 20:00:00,2024-02
708,234,activate,4,1,2024-02-09 21:00:00,2024-02
709,234,purchase,5,0,2024-02-09 16:00:00,2024-02
710,235,visit,1,1,2024-06-06 00:00:00,2024-06
711,235,signup,2,0,2024-06-06 14:00:00,2024-06
712,236,visit,1,1,2024-01-01 00:00:00,2024-01
713,236,signup,2,0,2024-01-02 08:00:00,2024-01
714,237,visit,1,1,2024-02-18 00:00:00,2024-02
715,237,signup,2,1,2024-02-19 18:00:00,2024-02
716,237,onboard,3,1,2024-02-21 20:00:00,2024-02
717,237,activate,4,1,2024-02-20 18:00:00,2024-02
718,237,purchase,5,1,2024-02-22 04:00:00,2024-02
719,238,visit,1,1,2024-01-03 00:00:00,2024-01
720,238,signup,2,1,2024-01-04 22:00:00,2024-01
721,238,onboard,3,1,2024-01-06 18:00:00,2024-01
722,238,activate,4,1,2024-01-07 03:00:00,2024-01
723,238,purchase,5,0,2024-01-06 20:00:00,2024-01
724,239,visit,1,1,2024-02-03 00:00:00,2024-02
725,239,signup,2,1,2024-02-04 05:00:00,2024-02
726,239,onboard,3,1,2024-02-06 08:00:00,2024-02
727,239,activate,4,0,2024-02-04 06:00:00,2024-02
728,240,visit,1,1,2024-05-24 00:00:00,2024-05
729,240,signup,2,0,2024-05-24 23:00:00,2024-05
730,241,visit,1,1,2024-01-22 00:00:00,2024-01
731,241,signup,2,1,2024-01-22 15:00:00,2024-01
732,241,onboard,3,1,2024-01-24 02:00:00,2024-01
733,241,activate,4,0,2024-01-25 18:00:00,2024-01
734,242,visit,1,1,2024-02-28 00:00:00,2024-02
735,242,signup,2,0,2024-02-28 19:00:00,2024-02
736,243,visit,1,1,2024-06-13 00:00:00,2024-06
737,243,signup,2,1,2024-06-13 19:00:00,2024-06
738,243,onboard,3,0,2024-06-15 10:00:00,2024-06
739,244,visit,1,1,2024-01-15 00:00:00,2024-01
740,244,signup,2,1,2024-01-15 19:00:00,2024-01
741,244,onboard,3,0,2024-01-16 22:00:00,2024-01
742,245,visit,1,1,2024-02-23 00:00:00,2024-02
743,245,signup,2,0,2024-02-23 07:00:00,2024-02
744,246,visit,1,1,2024-04-26 00:00:00,2024-04
745,246,signup,2,0,2024-04-27 08:00:00,2024-04
746,247,visit,1,1,2024-06-03 00:00:00,2024-06
747,247,signup,2,0,2024-06-03 22:00:00,2024-06
748,248,visit,1,1,2024-05-19 00:00:00,2024-05
749,248,signup,2,0,2024-05-20 18:00:00,2024-05
750,249,visit,1,1,2024-03-06 00:00:00,2024-03
751,249,signup,2,1,2024-03-06 02:00:00,2024-03
752,249,onboard,3,0,2024-03-06 22:00:00,2024-03
753,250,visit,1,1,2024-03-23 00:00:00,2024-03
754,250,signup,2,0,2024-03-24 07:00:00,2024-03
755,251,visit,1,1,2024-01-14 00:00:00,2024-01
756,251,signup,2,0,2024-01-15 23:00:00,2024-01
757,252,visit,1,1,2024-06-06 00:00:00,2024-06
758,252,signup,2,1,2024-06-06 05:00:00,2024-06
759,252,onboard,3,1,2024-06-08 04:00:00,2024-06
760,252,activate,4,1,2024-06-10 12:00:00,2024-06
761,252,purchase,5,0,2024-06-10 20:00:00,2024-06
762,253,visit,1,1,2024-03-05 00:00:00,2024-03
763,253,signup,2,0,2024-03-06 17:00:00,2024-03
764,254,visit,1,1,2024-06-17 00:00:00,2024-06
765,254,signup,2,1,2024-06-17 10:00:00,2024-06
766,254,onboard,3,1,2024-06-19 16:00:00,2024-06
767,254,activate,4,1,2024-06-19 21:00:00,2024-06
768,254,purchase,5,0,2024-06-17 20:00:00,2024-06
769,255,visit,1,1,2024-03-09 00:00:00,2024-03
770,255,signup,2,0,2024-03-10 10:00:00,2024-03
771,256,visit,1,1,2024-02-13 00:00:00,2024-02
772,256,signup,2,0,2024-02-14 03:00:00,2024-02
773,257,visit,1,1,2024-05-28 00:00:00,2024-05
774,257,signup,2,1,2024-05-28 19:00:00,2024-05
775,257,onboard,3,0,2024-05-31 06:00:00,2024-05
776,258,visit,1,1,2024-05-29 00:00:00,2024-05
777,258,signup,2,1,2024-05-31 00:00:00,2024-05
778,258,onboard,3,1,2024-05-30 20:00:00,2024-05
779,258,activate,4,0,2024-05-31 00:00:00,2024-05
780,259,visit,1,1,2024-04-28 00:00:00,2024-04
781,259,signup,2,0,2024-04-29 21:00:00,2024-04
782,260,visit,1,1,2024-02-23 00:00:00,2024-02
783,260,signup,2,0,2024-02-23 05:00:00,2024-02
784,261,visit,1,1,2024-02-05 00:00:00,2024-02
785,261,signup,2,1,2024-02-06 15:00:00,2024-02
786,261,onboard,3,1,2024-02-07 18:00:00,2024-02
787,261,activate,4,0,2024-02-08 03:00:00,2024-02
788,262,visit,1,1,2024-05-23 00:00:00,2024-05
789,262,signup,2,0,2024-05-24 11:00:00,2024-05
790,263,visit,1,1,2024-03-14 00:00:00,2024-03
791,263,signup,2,0,2024-03-15 12:00:00,2024-03
792,264,visit,1,1,2024-05-30 00:00:00,2024-05
793,264,signup,2,0,2024-05-30 22:00:00,2024-05
794,265,visit,1,1,2024-01-31 00:00:00,2024-01
795,265,signup,2,0,2024-02-01 10:00:00,2024-01
796,266,visit,1,1,2024-05-08 00:00:00,2024-05
797,266,signup,2,1,2024-05-08 18:00:00,2024-05
798,266,onboard,3,1,2024-05-08 04:00:00,2024-05
799,266,activate,4,0,2024-05-10 21:00:00,2024-05
800,267,visit,1,1,2024-05-26 00:00:00,2024-05
801,267,signup,2,1,2024-05-26 12:00:00,2024-05
802,267,onboard,3,1,2024-05-27 06:00:00,2024-05
803,267,activate,4,0,2024-05-29 00:00:00,2024-05
804,268,visit,1,1,2024-04-04 00:00:00,2024-04
805,268,signup,2,0,2024-04-04 18:00:00,2024-04
806,269,visit,1,1,2024-01-11 00:00:00,2024-01
807,269,signup,2,1,2024-01-11 16:00:00,2024-01
808,269,onboard,3,1,2024-01-13 00:00:00,2024-01
809,269,activate,4,0,2024-01-13 15:00:00,2024-01
810,270,visit,1,1,2024-05-28 00:00:00,2024-05
811,270,signup,2,0,2024-05-29 03:00:00,2024-05
812,271,visit,1,1,2024-02-04 00:00:00,2024-02
813,271,signup,2,0,2024-02-05 14:00:00,2024-02
814,272,visit,1,1,2024-06-10 00:00:00,2024-06
815,272,signup,2,1,2024-06-11 13:00:00,2024-06
816,272,onboard,3,1,2024-06-12 00:00:00,2024-06
817,272,activate,4,0,2024-06-10 06:00:00,2024-06
818,273,visit,1,1,2024-03-25 00:00:00,2024-03
819,273,signup,2,1,2024-03-25 01:00:00,2024-03
820,273,onboard,3,0,2024-03-28 04:00:00,2024-03
821,274,visit,1,1,2024-03-24 00:00:00,2024-03
822,274,signup,2,1,2024-03-25 01:00:00,2024-03
823,274,onboard,3,1,2024-03-25 20:00:00,2024-03
824,274,activate,4,0,2024-03-25 06:00:00,2024-03
825,275,visit,1,1,2024-03-19 00:00:00,2024-03
826,275,signup,2,0,2024-03-19 09:00:00,2024-03
827,276,visit,1,1,2024-03-30 00:00:00,2024-03
828,276,signup,2,0,2024-03-30 12:00:00,2024-03
829,277,visit,1,1,2024-02-17 00:00:00,2024-02
830,277,signup,2,0,2024-02-18 21:00:00,2024-02
831,278,visit,1,1,2024-05-24 00:00:00,2024-05
832,278,signup,2,0,2024-05-24 14:00:00,2024-05
833,279,visit,1,1,2024-05-02 00:00:00,2024-05
834,279,signup,2,0,2024-05-02 05:00:00,2024-05
835,280,visit,1,1,2024-03-09 00:00:00,2024-03
836,280,signup,2,1,2024-03-10 19:00:00,2024-03
837,280,onboard,3,1,2024-03-09 02:00:00,2024-03
838,280,activate,4,1,2024-03-10 15:00:00,2024-03
839,280,purchase,5,1,2024-03-14 08:00:00,2024-03
840,281,visit,1,1,2024-01-20 00:00:00,2024-01
841,281,signup,2,0,2024-01-21 21:00:00,2024-01
842,282,visit,1,1,2024-02-04 00:00:00,2024-02
843,282,signup,2,1,2024-02-04 23:00:00,2024-02
844,282,onboard,3,0,2024-02-07 22:00:00,2024-02
845,283,visit,1,1,2024-05-27 00:00:00,2024-05
846,283,signup,2,1,2024-05-28 10:00:00,2024-05
847,283,onboard,3,1,2024-05-30 12:00:00,2024-05
848,283,activate,4,1,2024-05-27 06:00:00,2024-05
849,283,purchase,5,1,2024-06-03 00:00:00,2024-05
850,284,visit,1,1,2024-03-03 00:00:00,2024-03
851,284,signup,2,1,2024-03-04 05:00:00,2024-03
852,284,onboard,3,1,2024-03-03 20:00:00,2024-03
853,284,activate,4,0,2024-03-04 15:00:00,2024-03
854,285,visit,1,1,2024-04-01 00:00:00,2024-04
855,285,signup,2,0,2024-04-02 21:00:00,2024-04
856,286,visit,1,1,2024-03-09 00:00:00,2024-03
857,286,signup,2,0,2024-03-09 18:00:00,2024-03
858,287,visit,1,1,2024-03-12 00:00:00,2024-03
859,287,signup,2,0,2024-03-13 08:00:00,2024-03
860,288,visit,1,1,2024-04-29 00:00:00,2024-04
861,288,signup,2,1,2024-04-30 02:00:00,2024-04
862,288,onboard,3,1,2024-05-02 10:00:00,2024-04
863,288,activate,4,1,2024-04-30 03:00:00,2024-04
864,288,purchase,5,0,2024-05-04 16:00:00,2024-04
865,289,visit,1,1,2024-03-28 00:00:00,2024-03
866,289,signup,2,1,2024-03-28 09:00:00,2024-03
867,289,onboard,3,0,2024-03-28 20:00:00,2024-03
868,290,visit,1,1,2024-04-02 00:00:00,2024-04
869,290,signup,2,0,2024-04-03 23:00:00,2024-04
870,291,visit,1,1,2024-05-18 00:00:00,2024-05
871,291,signup,2,0,2024-05-18 18:00:00,2024-05
872,292,visit,1,1,2024-03-26 00:00:00,2024-03
873,292,signup,2,0,2024-03-27 11:00:00,2024-03
874,293,visit,1,1,2024-03-16 00:00:00,2024-03
875,293,signup,2,1,2024-03-17 05:00:00,2024-03
876,293,onboard,3,1,2024-03-18 02:00:00,2024-03
877,293,activate,4,1,2024-03-20 03:00:00,2024-03
878,293,purchase,5,1,2024-03-23 12:00:00,2024-03
879,294,visit,1,1,2024-01-13 00:00:00,2024-01
880,294,signup,2,0,2024-01-15 00:00:00,2024-01
881,295,visit,1,1,2024-05-20 00:00:00,2024-05
882,295,signup,2,1,2024-05-20 01:00:00,2024-05
883,295,onboard,3,0,2024-05-23 10:00:00,2024-05
884,296,visit,1,1,2024-03-05 00:00:00,2024-03
885,296,signup,2,0,2024-03-06 04:00:00,2024-03
886,297,visit,1,1,2024-05-07 00:00:00,2024-05
887,297,signup,2,1,2024-05-08 12:00:00,2024-05
888,297,onboard,3,0,2024-05-09 06:00:00,2024-05
889,298,visit,1,1,2024-03-01 00:00:00,2024-03
890,298,signup,2,0,2024-03-01 08:00:00,2024-03
891,299,visit,1,1,2024-05-10 00:00:00,2024-05
892,299,signup,2,1,2024-05-11 00:00:00,2024-05
893,299,onboard,3,0,2024-05-10 12:00:00,2024-05
894,300,visit,1,1,2024-01-19 00:00:00,2024-01
895,300,signup,2,1,2024-01-20 18:00:00,2024-01
896,300,onboard,3,0,2024-01-19 02:00:00,2024-01
897,301,visit,1,1,2024-02-29 00:00:00,2024-02
898,301,signup,2,1,2024-02-29 08:00:00,2024-02
899,301,onboard,3,1,2024-03-02 20:00:00,2024-02
900,301,activate,4,0,2024-03-05 18:00:00,2024-02
901,302,visit,1,1,2024-02-07 00:00:00,2024-02
902,302,signup,2,0,2024-02-07 14:00:00,2024-02
903,303,visit,1,1,2024-04-08 00:00:00,2024-04
904,303,signup,2,0,2024-04-09 17:00:00,2024-04
905,304,visit,1,1,2024-05-08 00:00:00,2024-05
906,304,signup,2,1,2024-05-08 17:00:00,2024-05
907,304,onboard,3,1,2024-05-08 08:00:00,2024-05
908,304,activate,4,1,2024-05-10 06:00:00,2024-05
909,304,purchase,5,1,2024-05-11 20:00:00,2024-05
910,305,visit,1,1,2024-01-30 00:00:00,2024-01
911,305,signup,2,1,2024-01-31 20:00:00,2024-01
912,305,onboard,3,1,2024-01-31 20:00:00,2024-01
913,305,activate,4,1,2024-02-04 03:00:00,2024-01
914,305,purchase,5,0,2024-02-02 00:00:00,2024-01
915,306,visit,1,1,2024-05-20 00:00:00,2024-05
916,306,signup,2,0,2024-05-21 06:00:00,2024-05
917,307,visit,1,1,2024-03-27 00:00:00,2024-03
918,307,signup,2,1,2024-03-27 03:00:00,2024-03
919,307,onboard,3,1,2024-03-27 02:00:00,2024-03
920,307,activate,4,1,2024-03-30 06:00:00,2024-03
921,307,purchase,5,0,2024-03-30 12:00:00,2024-03
922,308,visit,1,1,2024-04-13 00:00:00,2024-04
923,308,signup,2,1,2024-04-14 05:00:00,2024-04
924,308,onboard,3,1,2024-04-13 06:00:00,2024-04
925,308,activate,4,1,2024-04-17 21:00:00,2024-04
926,308,purchase,5,1,2024-04-18 00:00:00,2024-04
927,309,visit,1,1,2024-03-12 00:00:00,2024-03
928,309,signup,2,1,2024-03-13 15:00:00,2024-03
929,309,onboard,3,1,2024-03-15 00:00:00,2024-03
930,309,activate,4,0,2024-03-13 18:00:00,2024-03
931,310,visit,1,1,2024-05-31 00:00:00,2024-05
932,310,signup,2,1,2024-05-31 07:00:00,2024-05
933,310,onboard,3,1,2024-06-02 02:00:00,2024-05
934,310,activate,4,1,2024-06-04 06:00:00,2024-05
935,310,purchase,5,0,2024-06-01 08:00:00,2024-05
936,311,visit,1,1,2024-06-04 00:00:00,2024-06
937,311,signup,2,0,2024-06-05 01:00:00,2024-06
938,312,visit,1,1,2024-06-18 00:00:00,2024-06
939,312,signup,2,0,2024-06-19 10:00:00,2024-06
940,313,visit,1,1,2024-06-14 00:00:00,2024-06
941,313,signup,2,1,2024-06-14 05:00:00,2024-06
942,313,onboard,3,1,2024-06-14 06:00:00,2024-06
943,313,activate,4,0,2024-06-14 06:00:00,2024-06
944,314,visit,1,1,2024-06-24 00:00:00,2024-06
945,314,signup,2,1,2024-06-24 13:00:00,2024-06
946,314,onboard,3,1,2024-06-27 12:00:00,2024-06
947,314,activate,4,1,2024-06-28 18:00:00,2024-06
948,314,purchase,5,1,2024-06-27 12:00:00,2024-06
949,315,visit,1,1,2024-06-07 00:00:00,2024-06
950,315,signup,2,0,2024-06-07 16:00:00,2024-06
951,316,visit,1,1,2024-03-17 00:00:00,2024-03
952,316,signup,2,0,2024-03-18 14:00:00,2024-03
953,317,visit,1,1,2024-02-13 00:00:00,2024-02
954,317,signup,2,1,2024-02-13 11:00:00,2024-02
955,317,onboard,3,1,2024-02-16 14:00:00,2024-02
956,317,activate,4,1,2024-02-16 18:00:00,2024-02
957,317,purchase,5,0,2024-02-20 12:00:00,2024-02
958,318,visit,1,1,2024-06-02 00:00:00,2024-06
959,318,signup,2,1,2024-06-03 20:00:00,2024-06
960,318,onboard,3,1,2024-06-03 12:00:00,2024-06
961,318,activate,4,0,2024-06-05 12:00:00,2024-06
962,319,visit,1,1,2024-05-15 00:00:00,2024-05
963,319,signup,2,0,2024-05-15 01:00:00,2024-05
964,320,visit,1,1,2024-01-02 00:00:00,2024-01
965,320,signup,2,1,2024-01-03 09:00:00,2024-01
966,320,onboard,3,1,2024-01-02 22:00:00,2024-01
967,320,activate,4,0,2024-01-05 18:00:00,2024-01
968,321,visit,1,1,2024-04-16 00:00:00,2024-04
969,321,signup,2,1,2024-04-17 12:00:00,2024-04
970,321,onboard,3,0,2024-04-17 06:00:00,2024-04
971,322,visit,1,1,2024-02-16 00:00:00,2024-02
972,322,signup,2,0,2024-02-18 00:00:00,2024-02
973,323,visit,1,1,2024-03-29 00:00:00,2024-03
974,323,signup,2,1,2024-03-30 10:00:00,2024-03
975,323,onboard,3,1,2024-03-30 16:00:00,2024-03
976,323,activate,4,0,2024-03-31 00:00:00,2024-03
977,324,visit,1,1,2024-01-04 00:00:00,2024-01
978,324,signup,2,0,2024-01-04 13:00:00,2024-01
979,325,visit,1,1,2024-03-24 00:00:00,2024-03
980,325,signup,2,0,2024-03-25 13:00:00,2024-03
981,326,visit,1,1,2024-05-09 00:00:00,2024-05
982,326,signup,2,0,2024-05-09 01:00:00,2024-05
983,327,visit,1,1,2024-04-15 00:00:00,2024-04
984,327,signup,2,0,2024-04-16 22:00:00,2024-04
985,328,visit,1,1,2024-06-18 00:00:00,2024-06
986,328,signup,2,0,2024-06-19 07:00:00,2024-06
987,329,visit,1,1,2024-05-25 00:00:00,2024-05
988,329,signup,2,0,2024-05-25 08:00:00,2024-05
989,330,visit,1,1,2024-05-29 00:00:00,2024-05
990,330,signup,2,1,2024-05-29 21:00:00,2024-05
991,330,onboard,3,1,2024-06-01 22:00:00,2024-05
992,330,activate,4,1,2024-06-02 03:00:00,2024-05
993,330,purchase,5,0,2024-05-31 04:00:00,2024-05
994,331,visit,1,1,2024-04-16 00:00:00,2024-04
995,331,signup,2,1,2024-04-17 05:00:00,2024-04
996,331,onboard,3,0,2024-04-16 20:00:00,2024-04
997,332,visit,1,1,2024-05-15 00:00:00,2024-05
998,332,signup,2,0,2024-05-15 18:00:00,2024-05
999,333,visit,1,1,2024-01-08 00:00:00,2024-01
1000,333,signup,2,0,2024-01-09 08:00:00,2024-01
1001,334,visit,1,1,2024-03-02 00:00:00,2024-03
1002,334,signup,2,0,2024-03-02 23:00:00,2024-03
1003,335,visit,1,1,2024-04-01 00:00:00,2024-04
1004,335,signup,2,0,2024-04-02 21:00:00,2024-04
1005,336,visit,1,1,2024-06-16 00:00:00,2024-06
1006,336,signup,2,1,2024-06-17 16:00:00,2024-06
1007,336,onboard,3,0,2024-06-19 20:00:00,2024-06
1008,337,visit,1,1,2024-06-04 00:00:00,2024-06
1009,337,signup,2,0,2024-06-05 14:00:00,2024-06
1010,338,visit,1,1,2024-03-06 00:00:00,2024-03
1011,338,signup,2,1,2024-03-07 22:00:00,2024-03
1012,338,onboard,3,1,2024-03-07 22:00:00,2024-03
1013,338,activate,4,0,2024-03-09 06:00:00,2024-03
1014,339,visit,1,1,2024-02-21 00:00:00,2024-02
1015,339,signup,2,1,2024-02-22 15:00:00,2024-02
1016,339,onboard,3,1,2024-02-24 16:00:00,2024-02
1017,339,activate,4,1,2024-02-23 00:00:00,2024-02
1018,339,purchase,5,1,2024-02-24 00:00:00,2024-02
1019,340,visit,1,1,2024-06-08 00:00:00,2024-06
1020,340,signup,2,0,2024-06-08 10:00:00,2024-06
1021,341,visit,1,1,2024-05-08 00:00:00,2024-05
1022,341,signup,2,0,2024-05-09 20:00:00,2024-05
1023,342,visit,1,1,2024-05-13 00:00:00,2024-05
1024,342,signup,2,1,2024-05-14 06:00:00,2024-05
1025,342,onboard,3,1,2024-05-16 18:00:00,2024-05
1026,342,activate,4,1,2024-05-13 18:00:00,2024-05
1027,342,purchase,5,0,2024-05-15 20:00:00,2024-05
1028,343,visit,1,1,2024-04-29 00:00:00,2024-04
1029,343,signup,2,0,2024-04-30 06:00:00,2024-04
1030,344,visit,1,1,2024-01-15 00:00:00,2024-01
1031,344,signup,2,1,2024-01-16 19:00:00,2024-01
1032,344,onboard,3,1,2024-01-15 08:00:00,2024-01
1033,344,activate,4,0,2024-01-17 18:00:00,2024-01
1034,345,visit,1,1,2024-01-07 00:00:00,2024-01
1035,345,signup,2,0,2024-01-07 06:00:00,2024-01
1036,346,visit,1,1,2024-01-25 00:00:00,2024-01
1037,346,signup,2,1,2024-01-26 21:00:00,2024-01
1038,346,onboard,3,1,2024-01-25 10:00:00,2024-01
1039,346,activate,4,1,2024-01-26 06:00:00,2024-01
1040,346,purchase,5,1,2024-01-25 08:00:00,2024-01
1041,347,visit,1,1,2024-04-20 00:00:00,2024-04
1042,347,signup,2,1,2024-04-21 12:00:00,2024-04
1043,347,onboard,3,1,2024-04-21 04:00:00,2024-04
1044,347,activate,4,0,2024-04-23 18:00:00,2024-04
1045,348,visit,1,1,2024-03-13 00:00:00,2024-03
1046,348,signup,2,0,2024-03-14 12:00:00,2024-03
1047,349,visit,1,1,2024-03-18 00:00:00,2024-03
1048,349,signup,2,1,2024-03-18 19:00:00,2024-03
1049,349,onboard,3,1,2024-03-21 20:00:00,2024-03
1050,349,activate,4,1,2024-03-22 00:00:00,2024-03
1051,349,purchase,5,0,2024-03-24 12:00:00,2024-03
1052,350,visit,1,1,2024-05-22 00:00:00,2024-05
1053,350,signup,2,0,2024-05-23 07:00:00,2024-05
1054,351,visit,1,1,2024-02-20 00:00:00,2024-02
1055,351,signup,2,1,2024-02-21 22:00:00,2024-02
1056,351,onboard,3,1,2024-02-22 06:00:00,2024-02
1057,351,activate,4,0,2024-02-23 03:00:00,2024-02
1058,352,visit,1,1,2024-02-25 00:00:00,2024-02
1059,352,signup,2,0,2024-02-25 10:00:00,2024-02
1060,353,visit,1,1,2024-06-14 00:00:00,2024-06
1061,353,signup,2,1,2024-06-15 08:00:00,2024-06
1062,353,onboard,3,1,2024-06-17 14:00:00,2024-06
1063,353,activate,4,1,2024-06-17 00:00:00,2024-06
1064,353,purchase,5,1,2024-06-19 16:00:00,2024-06
1065,354,visit,1,1,2024-06-06 00:00:00,2024-06
1066,354,signup,2,0,2024-06-06 17:00:00,2024-06
1067,355,visit,1,1,2024-05-17 00:00:00,2024-05
1068,355,signup,2,0,2024-05-18 23:00:00,2024-05
1069,356,visit,1,1,2024-05-18 00:00:00,2024-05
1070,356,signup,2,1,2024-05-18 03:00:00,2024-05
1071,356,onboard,3,0,2024-05-21 18:00:00,2024-05
1072,357,visit,1,1,2024-04-08 00:00:00,2024-04
1073,357,signup,2,0,2024-04-08 02:00:00,2024-04
1074,358,visit,1,1,2024-06-02 00:00:00,2024-06
1075,358,signup,2,1,2024-06-02 20:00:00,2024-06
1076,358,onboard,3,1,2024-06-04 02:00:00,2024-06
1077,358,activate,4,0,2024-06-04 15:00:00,2024-06
1078,359,visit,1,1,2024-06-05 00:00:00,2024-06
1079,359,signup,2,0,2024-06-05 22:00:00,2024-06
1080,360,visit,1,1,2024-03-01 00:00:00,2024-03
1081,360,signup,2,0,2024-03-01 08:00:00,2024-03
1082,361,visit,1,1,2024-05-29 00:00:00,2024-05
1083,361,signup,2,1,2024-05-29 04:00:00,2024-05
1084,361,onboard,3,0,2024-06-01 18:00:00,2024-05
1085,362,visit,1,1,2024-05-04 00:00:00,2024-05
1086,362,signup,2,1,2024-05-05 03:00:00,2024-05
1087,362,onboard,3,0,2024-05-05 04:00:00,2024-05
1088,363,visit,1,1,2024-06-19 00:00:00,2024-06
1089,363,signup,2,0,2024-06-19 13:00:00,2024-06
1090,364,visit,1,1,2024-03-25 00:00:00,2024-03
1091,364,signup,2,0,2024-03-25 04:00:00,2024-03
1092,365,visit,1,1,2024-01-30 00:00:00,2024-01
1093,365,signup,2,1,2024-01-31 15:00:00,2024-01
1094,365,onboard,3,1,2024-01-30 10:00:00,2024-01
1095,365,activate,4,1,2024-02-03 06:00:00,2024-01
1096,365,purchase,5,1,2024-01-30 04:00:00,2024-01
1097,366,visit,1,1,2024-03-08 00:00:00,2024-03
1098,366,signup,2,0,2024-03-09 11:00:00,2024-03
1099,367,visit,1,1,2024-02-18 00:00:00,2024-02
1100,367,signup,2,0,2024-02-18 15:00:00,2024-02
1101,368,visit,1,1,2024-04-29 00:00:00,2024-04
1102,368,signup,2,1,2024-04-30 11:00:00,2024-04
1103,368,onboard,3,0,2024-05-02 06:00:00,2024-04
1104,369,visit,1,1,2024-01-30 00:00:00,2024-01
1105,369,signup,2,0,2024-01-31 16:00:00,2024-01
1106,370,visit,1,1,2024-06-12 00:00:00,2024-06
1107,370,signup,2,0,2024-06-13 22:00:00,2024-06
1108,371,visit,1,1,2024-01-09 00:00:00,2024-01
1109,371,signup,2,1,2024-01-09 06:00:00,2024-01
1110,371,onboard,3,1,2024-01-11 06:00:00,2024-01
1111,371,activate,4,1,2024-01-13 09:00:00,2024-01
1112,371,purchase,5,0,2024-01-09 08:00:00,2024-01
1113,372,visit,1,1,2024-05-28 00:00:00,2024-05
1114,372,signup,2,1,2024-05-28 09:00:00,2024-05
1115,372,onboard,3,1,2024-05-30 08:00:00,2024-05
1116,372,activate,4,1,2024-05-30 21:00:00,2024-05
1117,372,purchase,5,0,2024-06-03 04:00:00,2024-05
1118,373,visit,1,1,2024-02-26 00:00:00,2024-02
1119,373,signup,2,0,2024-02-26 17:00:00,2024-02
1120,374,visit,1,1,2024-02-27 00:00:00,2024-02
1121,374,signup,2,0,2024-02-28 22:00:00,2024-02
1122,375,visit,1,1,2024-04-04 00:00:00,2024-04
1123,375,signup,2,1,2024-04-04 23:00:00,2024-04
1124,375,onboard,3,1,2024-04-05 04:00:00,2024-04
1125,375,activate,4,0,2024-04-10 00:00:00,2024-04
1126,376,visit,1,1,2024-05-22 00:00:00,2024-05
1127,376,signup,2,1,2024-05-22 13:00:00,2024-05
1128,376,onboard,3,1,2024-05-25 08:00:00,2024-05
1129,376,activate,4,1,2024-05-23 03:00:00,2024-05
1130,376,purchase,5,1,2024-05-28 08:00:00,2024-05
1131,377,visit,1,1,2024-04-09 00:00:00,2024-04
1132,377,signup,2,1,2024-04-10 19:00:00,2024-04
1133,377,onboard,3,1,2024-04-10 06:00:00,2024-04
1134,377,activate,4,1,2024-04-12 09:00:00,2024-04
1135,377,purchase,5,0,2024-04-12 20:00:00,2024-04
1136,378,visit,1,1,2024-03-28 00:00:00,2024-03
1137,378,signup,2,1,2024-03-29 08:00:00,2024-03
1138,378,onboard,3,1,2024-03-31 18:00:00,2024-03
1139,378,activate,4,0,2024-04-01 03:00:00,2024-03
1140,379,visit,1,1,2024-06-16 00:00:00,2024-06
1141,379,signup,2,0,2024-06-16 09:00:00,2024-06
1142,380,visit,1,1,2024-06-06 00:00:00,2024-06
1143,380,signup,2,0,2024-06-06 14:00:00,2024-06
1144,381,visit,1,1,2024-04-06 00:00:00,2024-04
1145,381,signup,2,1,2024-04-07 10:00:00,2024-04
1146,381,onboard,3,0,2024-04-09 14:00:00,2024-04
1147,382,visit,1,1,2024-01-05 00:00:00,2024-01
1148,382,signup,2,0,2024-01-06 02:00:00,2024-01
1149,383,visit,1,1,2024-02-11 00:00:00,2024-02
1150,383,signup,2,1,2024-02-12 02:00:00,2024-02
1151,383,onboard,3,1,2024-02-11 22:00:00,2024-02
1152,383,activate,4,1,2024-02-14 12:00:00,2024-02
1153,383,purchase,5,1,2024-02-16 12:00:00,2024-02
1154,384,visit,1,1,2024-06-20 00:00:00,2024-06
1155,384,signup,2,1,2024-06-21 21:00:00,2024-06
1156,384,onboard,3,1,2024-06-22 10:00:00,2024-06
1157,384,activate,4,1,2024-06-20 18:00:00,2024-06
1158,384,purchase,5,0,2024-06-23 12:00:00,2024-06
1159,385,visit,1,1,2024-06-13 00:00:00,2024-06
1160,385,signup,2,0,2024-06-14 15:00:00,2024-06
1161,386,visit,1,1,2024-05-28 00:00:00,2024-05
1162,386,signup,2,0,2024-05-29 15:00:00,2024-05
1163,387,visit,1,1,2024-02-07 00:00:00,2024-02
1164,387,signup,2,0,2024-02-07 16:00:00,2024-02
1165,388,visit,1,1,2024-05-28 00:00:00,2024-05
1166,388,signup,2,0,2024-05-28 09:00:00,2024-05
1167,389,visit,1,1,2024-01-24 00:00:00,2024-01
1168,389,signup,2,0,2024-01-25 06:00:00,2024-01
1169,390,visit,1,1,2024-04-18 00:00:00,2024-04
1170,390,signup,2,0,2024-04-19 08:00:00,2024-04
1171,391,visit,1,1,2024-03-18 00:00:00,2024-03
1172,391,signup,2,0,2024-03-18 13:00:00,2024-03
1173,392,visit,1,1,2024-06-05 00:00:00,2024-06
1174,392,signup,2,0,2024-06-06 11:00:00,2024-06
1175,393,visit,1,1,2024-01-28 00:00:00,2024-01
1176,393,signup,2,0,2024-01-29 22:00:00,2024-01
1177,394,visit,1,1,2024-05-23 00:00:00,2024-05
1178,394,signup,2,1,2024-05-24 05:00:00,2024-05
1179,394,onboard,3,1,2024-05-25 02:00:00,2024-05
1180,394,activate,4,1,2024-05-27 12:00:00,2024-05
1181,394,purchase,5,0,2024-05-29 04:00:00,2024-05
1182,395,visit,1,1,2024-04-13 00:00:00,2024-04
1183,395,signup,2,0,2024-04-13 23:00:00,2024-04
1184,396,visit,1,1,2024-03-12 00:00:00,2024-03
1185,396,signup,2,0,2024-03-13 11:00:00,2024-03
1186,397,visit,1,1,2024-06-03 00:00:00,2024-06
1187,397,signup,2,0,2024-06-03 20:00:00,2024-06
1188,398,visit,1,1,2024-04-02 00:00:00,2024-04
1189,398,signup,2,1,2024-04-03 18:00:00,2024-04
1190,398,onboard,3,1,2024-04-02 06:00:00,2024-04
1191,398,activate,4,1,2024-04-06 21:00:00,2024-04
1192,398,purchase,5,1,2024-04-05 00:00:00,2024-04
1193,399,visit,1,1,2024-04-22 00:00:00,2024-04
1194,399,signup,2,1,2024-04-23 05:00:00,2024-04
1195,399,onboard,3,1,2024-04-24 16:00:00,2024-04
1196,399,activate,4,1,2024-04-25 18:00:00,2024-04
1197,399,purchase,5,0,2024-04-28 20:00:00,2024-04
1198,400,visit,1,1,2024-05-02 00:00:00,2024-05
1199,400,signup,2,0,2024-05-03 14:00:00,2024-05
1200,401,visit,1,1,2024-01-07 00:00:00,2024-01
1201,401,signup,2,1,2024-01-07 10:00:00,2024-01
1202,401,onboard,3,1,2024-01-07 02:00:00,2024-01
1203,401,activate,4,1,2024-01-11 03:00:00,2024-01
1204,401,purchase,5,1,2024-01-13 20:00:00,2024-01
1205,402,visit,1,1,2024-03-01 00:00:00,2024-03
1206,402,signup,2,1,2024-03-01 02:00:00,2024-03
1207,402,onboard,3,1,2024-03-04 12:00:00,2024-03
1208,402,activate,4,0,2024-03-02 06:00:00,2024-03
1209,403,visit,1,1,2024-05-30 00:00:00,2024-05
1210,403,signup,2,1,2024-05-30 13:00:00,2024-05
1211,403,onboard,3,1,2024-05-31 04:00:00,2024-05
1212,403,activate,4,0,2024-06-04 03:00:00,2024-05
1213,404,visit,1,1,2024-05-17 00:00:00,2024-05
1214,404,signup,2,1,2024-05-17 03:00:00,2024-05
1215,404,onboard,3,1,2024-05-19 16:00:00,2024-05
1216,404,activate,4,1,2024-05-17 06:00:00,2024-05
1217,404,purchase,5,0,2024-05-19 20:00:00,2024-05
1218,405,visit,1,1,2024-04-12 00:00:00,2024-04
1219,405,signup,2,0,2024-04-13 04:00:00,2024-04
1220,406,visit,1,1,2024-03-07 00:00:00,2024-03
1221,406,signup,2,0,2024-03-08 05:00:00,2024-03
1222,407,visit,1,1,2024-04-28 00:00:00,2024-04
1223,407,signup,2,0,2024-04-30 00:00:00,2024-04
1224,408,visit,1,1,2024-02-13 00:00:00,2024-02
1225,408,signup,2,0,2024-02-13 21:00:00,2024-02
1226,409,visit,1,1,2024-05-14 00:00:00,2024-05
1227,409,signup,2,1,2024-05-15 18:00:00,2024-05
1228,409,onboard,3,0,2024-05-15 16:00:00,2024-05
1229,410,visit,1,1,2024-02-25 00:00:00,2024-02
1230,410,signup,2,0,2024-02-26 00:00:00,2024-02
1231,411,visit,1,1,2024-06-07 00:00:00,2024-06
1232,411,signup,2,0,2024-06-08 08:00:00,2024-06
1233,412,visit,1,1,2024-02-25 00:00:00,2024-02
1234,412,signup,2,1,2024-02-26 08:00:00,2024-02
1235,412,onboard,3,0,2024-02-27 00:00:00,2024-02
1236,413,visit,1,1,2024-05-25 00:00:00,2024-05
1237,413,signup,2,0,2024-05-25 15:00:00,2024-05
1238,414,visit,1,1,2024-05-15 00:00:00,2024-05
1239,414,signup,2,1,2024-05-16 01:00:00,2024-05
1240,414,onboard,3,1,2024-05-18 00:00:00,2024-05
1241,414,activate,4,0,2024-05-20 09:00:00,2024-05
1242,415,visit,1,1,2024-02-17 00:00:00,2024-02
1243,415,signup,2,0,2024-02-18 09:00:00,2024-02
1244,416,visit,1,1,2024-01-11 00:00:00,2024-01
1245,416,signup,2,0,2024-01-12 09:00:00,2024-01
1246,417,visit,1,1,2024-01-02 00:00:00,2024-01
1247,417,signup,2,0,2024-01-02 15:00:00,2024-01
1248,418,visit,1,1,2024-04-02 00:00:00,2024-04
1249,418,signup,2,0,2024-04-03 04:00:00,2024-04
1250,419,visit,1,1,2024-05-05 00:00:00,2024-05
1251,419,signup,2,0,2024-05-05 14:00:00,2024-05
1252,420,visit,1,1,2024-04-13 00:00:00,2024-04
1253,420,signup,2,0,2024-04-14 10:00:00,2024-04
1254,421,visit,1,1,2024-03-22 00:00:00,2024-03
1255,421,signup,2,1,2024-03-23 19:00:00,2024-03
1256,421,onboard,3,0,2024-03-24 14:00:00,2024-03
1257,422,visit,1,1,2024-06-02 00:00:00,2024-06
1258,422,signup,2,1,2024-06-03 09:00:00,2024-06
1259,422,onboard,3,0,2024-06-03 14:00:00,2024-06
1260,423,visit,1,1,2024-06-19 00:00:00,2024-06
1261,423,signup,2,1,2024-06-20 16:00:00,2024-06
1262,423,onboard,3,1,2024-06-22 14:00:00,2024-06
1263,423,activate,4,0,2024-06-21 03:00:00,2024-06
1264,424,visit,1,1,2024-02-25 00:00:00,2024-02
1265,424,signup,2,1,2024-02-26 15:00:00,2024-02
1266,424,onboard,3,1,2024-02-27 22:00:00,2024-02
1267,424,activate,4,1,2024-02-25 06:00:00,2024-02
1268,424,purchase,5,0,2024-02-28 08:00:00,2024-02
1269,425,visit,1,1,2024-06-14 00:00:00,2024-06
1270,425,signup,2,1,2024-06-15 23:00:00,2024-06
1271,425,onboard,3,1,2024-06-15 00:00:00,2024-06
1272,425,activate,4,1,2024-06-17 06:00:00,2024-06
1273,425,purchase,5,1,2024-06-21 20:00:00,2024-06
1274,426,visit,1,1,2024-02-01 00:00:00,2024-02
1275,426,signup,2,0,2024-02-01 18:00:00,2024-02
1276,427,visit,1,1,2024-05-23 00:00:00,2024-05
1277,427,signup,2,0,2024-05-24 13:00:00,2024-05
1278,428,visit,1,1,2024-02-04 00:00:00,2024-02
1279,428,signup,2,1,2024-02-06 00:00:00,2024-02
1280,428,onboard,3,1,2024-02-04 20:00:00,2024-02
1281,428,activate,4,0,2024-02-08 18:00:00,2024-02
1282,429,visit,1,1,2024-04-10 00:00:00,2024-04
1283,429,signup,2,0,2024-04-10 23:00:00,2024-04
1284,430,visit,1,1,2024-04-02 00:00:00,2024-04
1285,430,signup,2,1,2024-04-03 12:00:00,2024-04
1286,430,onboard,3,0,2024-04-02 10:00:00,2024-04
1287,431,visit,1,1,2024-03-27 00:00:00,2024-03
1288,431,signup,2,0,2024-03-27 23:00:00,2024-03
1289,432,visit,1,1,2024-01-03 00:00:00,2024-01
1290,432,signup,2,0,2024-01-04 21:00:00,2024-01
1291,433,visit,1,1,2024-03-31 00:00:00,2024-03
1292,433,signup,2,1,2024-03-31 22:00:00,2024-03
1293,433,onboard,3,1,2024-04-01 00:00:00,2024-03
1294,433,activate,4,0,2024-03-31 21:00:00,2024-03
1295,434,visit,1,1,2024-05-14 00:00:00,2024-05
1296,434,signup,2,1,2024-05-14 05:00:00,2024-05
1297,434,onboard,3,1,2024-05-16 12:00:00,2024-05
1298,434,activate,4,1,2024-05-19 12:00:00,2024-05
1299,434,purchase,5,0,2024-05-21 08:00:00,2024-05
1300,435,visit,1,1,2024-02-12 00:00:00,2024-02
1301,435,signup,2,0,2024-02-13 16:00:00,2024-02
1302,436,visit,1,1,2024-03-13 00:00:00,2024-03
1303,436,signup,2,1,2024-03-14 23:00:00,2024-03
1304,436,onboard,3,0,2024-03-13 14:00:00,2024-03
1305,437,visit,1,1,2024-06-04 00:00:00,2024-06
1306,437,signup,2,0,2024-06-05 13:00:00,2024-06
1307,438,visit,1,1,2024-06-18 00:00:00,2024-06
1308,438,signup,2,1,2024-06-18 12:00:00,2024-06
1309,438,onboard,3,0,2024-06-19 10:00:00,2024-06
1310,439,visit,1,1,2024-01-16 00:00:00,2024-01
1311,439,signup,2,0,2024-01-17 01:00:00,2024-01
1312,440,visit,1,1,2024-02-09 00:00:00,2024-02
1313,440,signup,2,1,2024-02-10 21:00:00,2024-02
1314,440,onboard,3,1,2024-02-11 00:00:00,2024-02
1315,440,activate,4,1,2024-02-13 06:00:00,2024-02
1316,440,purchase,5,1,2024-02-16 16:00:00,2024-02
1317,441,visit,1,1,2024-03-26 00:00:00,2024-03
1318,441,signup,2,1,2024-03-26 06:00:00,2024-03
1319,441,onboard,3,1,2024-03-28 08:00:00,2024-03
1320,441,activate,4,0,2024-03-30 21:00:00,2024-03
1321,442,visit,1,1,2024-06-23 00:00:00,2024-06
1322,442,signup,2,1,2024-06-23 15:00:00,2024-06
1323,442,onboard,3,1,2024-06-23 12:00:00,2024-06
1324,442,activate,4,1,2024-06-25 12:00:00,2024-06
1325,442,purchase,5,1,2024-06-26 20:00:00,2024-06
1326,443,visit,1,1,2024-03-21 00:00:00,2024-03
1327,443,signup,2,1,2024-03-22 06:00:00,2024-03
1328,443,onboard,3,1,2024-03-23 06:00:00,2024-03
1329,443,activate,4,1,2024-03-22 12:00:00,2024-03
1330,443,purchase,5,0,2024-03-22 04:00:00,2024-03
1331,444,visit,1,1,2024-05-20 00:00:00,2024-05
1332,444,signup,2,1,2024-05-20 17:00:00,2024-05
1333,444,onboard,3,1,2024-05-20 18:00:00,2024-05
1334,444,activate,4,0,2024-05-25 09:00:00,2024-05
1335,445,visit,1,1,2024-04-22 00:00:00,2024-04
1336,445,signup,2,1,2024-04-23 04:00:00,2024-04
1337,445,onboard,3,0,2024-04-26 00:00:00,2024-04
1338,446,visit,1,1,2024-01-12 00:00:00,2024-01
1339,446,signup,2,1,2024-01-12 07:00:00,2024-01
1340,446,onboard,3,1,2024-01-14 08:00:00,2024-01
1341,446,activate,4,1,2024-01-14 03:00:00,2024-01
1342,446,purchase,5,1,2024-01-17 12:00:00,2024-01
1343,447,visit,1,1,2024-02-25 00:00:00,2024-02
1344,447,signup,2,1,2024-02-25 11:00:00,2024-02
1345,447,onboard,3,1,2024-02-28 08:00:00,2024-02
1346,447,activate,4,0,2024-02-28 12:00:00,2024-02
1347,448,visit,1,1,2024-03-13 00:00:00,2024-03
1348,448,signup,2,0,2024-03-14 04:00:00,2024-03
1349,449,visit,1,1,2024-03-13 00:00:00,2024-03
1350,449,signup,2,0,2024-03-14 15:00:00,2024-03
1351,450,visit,1,1,2024-05-06 00:00:00,2024-05
1352,450,signup,2,1,2024-05-07 08:00:00,2024-05
1353,450,onboard,3,0,2024-05-07 16:00:00,2024-05
1354,451,visit,1,1,2024-04-12 00:00:00,2024-04
1355,451,signup,2,1,2024-04-13 16:00:00,2024-04
1356,451,onboard,3,0,2024-04-14 22:00:00,2024-04
1357,452,visit,1,1,2024-02-27 00:00:00,2024-02
1358,452,signup,2,0,2024-02-28 22:00:00,2024-02
1359,453,visit,1,1,2024-06-08 00:00:00,2024-06
1360,453,signup,2,1,2024-06-08 07:00:00,2024-06
1361,453,onboard,3,0,2024-06-09 04:00:00,2024-06
1362,454,visit,1,1,2024-06-18 00:00:00,2024-06
1363,454,signup,2,0,2024-06-19 10:00:00,2024-06
1364,455,visit,1,1,2024-04-29 00:00:00,2024-04
1365,455,signup,2,0,2024-04-29 20:00:00,2024-04
1366,456,visit,1,1,2024-01-14 00:00:00,2024-01
1367,456,signup,2,0,2024-01-15 18:00:00,2024-01
1368,457,visit,1,1,2024-02-17 00:00:00,2024-02
1369,457,signup,2,1,2024-02-17 16:00:00,2024-02
1370,457,onboard,3,1,2024-02-19 00:00:00,2024-02
1371,457,activate,4,1,2024-02-22 12:00:00,2024-02
1372,457,purchase,5,1,2024-02-19 00:00:00,2024-02
1373,458,visit,1,1,2024-05-26 00:00:00,2024-05
1374,458,signup,2,1,2024-05-26 17:00:00,2024-05
1375,458,onboard,3,1,2024-05-28 00:00:00,2024-05
1376,458,activate,4,0,2024-05-29 15:00:00,2024-05
1377,459,visit,1,1,2024-02-15 00:00:00,2024-02
1378,459,signup,2,0,2024-02-15 05:00:00,2024-02
1379,460,visit,1,1,2024-05-30 00:00:00,2024-05
1380,460,signup,2,1,2024-05-30 02:00:00,2024-05
1381,460,onboard,3,0,2024-06-02 10:00:00,2024-05
1382,461,visit,1,1,2024-05-08 00:00:00,2024-05
1383,461,signup,2,0,2024-05-09 22:00:00,2024-05
1384,462,visit,1,1,2024-04-24 00:00:00,2024-04
1385,462,signup,2,1,2024-04-25 16:00:00,2024-04
1386,462,onboard,3,1,2024-04-24 12:00:00,2024-04
1387,462,activate,4,0,2024-04-29 12:00:00,2024-04
1388,463,visit,1,1,2024-04-17 00:00:00,2024-04
1389,463,signup,2,0,2024-04-18 14:00:00,2024-04
1390,464,visit,1,1,2024-06-01 00:00:00,2024-06
1391,464,signup,2,0,2024-06-01 07:00:00,2024-06
1392,465,visit,1,1,2024-03-14 00:00:00,2024-03
1393,465,signup,2,1,2024-03-15 14:00:00,2024-03
1394,465,onboard,3,1,2024-03-17 16:00:00,2024-03
1395,465,activate,4,0,2024-03-18 21:00:00,2024-03
1396,466,visit,1,1,2024-02-28 00:00:00,2024-02
1397,466,signup,2,0,2024-02-29 05:00:00,2024-02
1398,467,visit,1,1,2024-04-19 00:00:00,2024-04
1399,467,signup,2,0,2024-04-20 04:00:00,2024-04
1400,468,visit,1,1,2024-02-17 00:00:00,2024-02
1401,468,signup,2,1,2024-02-17 04:00:00,2024-02
1402,468,onboard,3,0,2024-02-19 16:00:00,2024-02
1403,469,visit,1,1,2024-06-13 00:00:00,2024-06
1404,469,signup,2,1,2024-06-13 07:00:00,2024-06
1405,469,onboard,3,1,2024-06-14 08:00:00,2024-06
1406,469,activate,4,1,2024-06-13 15:00:00,2024-06
1407,469,purchase,5,0,2024-06-17 20:00:00,2024-06
1408,470,visit,1,1,2024-02-22 00:00:00,2024-02
1409,470,signup,2,1,2024-02-23 07:00:00,2024-02
1410,470,onboard,3,1,2024-02-22 04:00:00,2024-02
1411,470,activate,4,1,2024-02-26 15:00:00,2024-02
1412,470,purchase,5,1,2024-02-26 20:00:00,2024-02
1413,471,visit,1,1,2024-02-06 00:00:00,2024-02
1414,471,signup,2,0,2024-02-06 23:00:00,2024-02
1415,472,visit,1,1,2024-04-03 00:00:00,2024-04
1416,472,signup,2,0,2024-04-04 23:00:00,2024-04
1417,473,visit,1,1,2024-02-11 00:00:00,2024-02
1418,473,signup,2,1,2024-02-11 18:00:00,2024-02
1419,473,onboard,3,1,2024-02-11 02:00:00,2024-02
1420,473,activate,4,0,2024-02-12 12:00:00,2024-02
1421,474,visit,1,1,2024-06-26 00:00:00,2024-06
1422,474,signup,2,1,2024-06-27 10:00:00,2024-06
1423,474,onboard,3,1,2024-06-28 16:00:00,2024-06
1424,474,activate,4,1,2024-06-26 09:00:00,2024-06
1425,474,purchase,5,0,2024-06-30 00:00:00,2024-06
1426,475,visit,1,1,2024-04-17 00:00:00,2024-04
1427,475,signup,2,1,2024-04-17 04:00:00,2024-04
1428,475,onboard,3,1,2024-04-18 18:00:00,2024-04
1429,475,activate,4,1,2024-04-20 15:00:00,2024-04
1430,475,purchase,5,0,2024-04-17 16:00:00,2024-04
1431,476,visit,1,1,2024-02-29 00:00:00,2024-02
1432,476,signup,2,1,2024-03-01 15:00:00,2024-02
1433,476,onboard,3,0,2024-03-01 04:00:00,2024-02
1434,477,visit,1,1,2024-06-04 00:00:00,2024-06
1435,477,signup,2,0,2024-06-05 20:00:00,2024-06
1436,478,visit,1,1,2024-03-12 00:00:00,2024-03
1437,478,signup,2,1,2024-03-13 22:00:00,2024-03
1438,478,onboard,3,0,2024-03-13 08:00:00,2024-03
1439,479,visit,1,1,2024-01-04 00:00:00,2024-01
1440,479,signup,2,0,2024-01-04 03:00:00,2024-01
1441,480,visit,1,1,2024-02-27 00:00:00,2024-02
1442,480,signup,2,0,2024-02-28 19:00:00,2024-02
1443,481,visit,1,1,2024-04-06 00:00:00,2024-04
1444,481,signup,2,1,2024-04-06 21:00:00,2024-04
1445,481,onboard,3,1,2024-04-07 08:00:00,2024-04
1446,481,activate,4,1,2024-04-06 12:00:00,2024-04
1447,481,purchase,5,1,2024-04-09 08:00:00,2024-04
1448,482,visit,1,1,2024-05-20 00:00:00,2024-05
1449,482,signup,2,1,2024-05-21 11:00:00,2024-05
1450,482,onboard,3,1,2024-05-20 22:00:00,2024-05
1451,482,activate,4,1,2024-05-22 00:00:00,2024-05
1452,482,purchase,5,1,2024-05-26 00:00:00,2024-05
1453,483,visit,1,1,2024-02-02 00:00:00,2024-02
1454,483,signup,2,0,2024-02-03 20:00:00,2024-02
1455,484,visit,1,1,2024-05-04 00:00:00,2024-05
1456,484,signup,2,0,2024-05-05 17:00:00,2024-05
1457,485,visit,1,1,2024-06-07 00:00:00,2024-06
1458,485,signup,2,0,2024-06-07 16:00:00,2024-06
1459,486,visit,1,1,2024-01-14 00:00:00,2024-01
1460,486,signup,2,0,2024-01-14 06:00:00,2024-01
1461,487,visit,1,1,2024-01-12 00:00:00,2024-01
1462,487,signup,2,0,2024-01-12 16:00:00,2024-01
1463,488,visit,1,1,2024-05-08 00:00:00,2024-05
1464,488,signup,2,1,2024-05-10 00:00:00,2024-05
1465,488,onboard,3,1,2024-05-11 20:00:00,2024-05
1466,488,activate,4,1,2024-05-12 00:00:00,2024-05
1467,488,purchase,5,1,2024-05-10 00:00:00,2024-05
1468,489,visit,1,1,2024-01-04 00:00:00,2024-01
1469,489,signup,2,1,2024-01-04 06:00:00,2024-01
1470,489,onboard,3,1,2024-01-07 20:00:00,2024-01
1471,489,activate,4,1,2024-01-04 12:00:00,2024-01
1472,489,purchase,5,0,2024-01-04 04:00:00,2024-01
1473,490,visit,1,1,2024-04-07 00:00:00,2024-04
1474,490,signup,2,1,2024-04-08 12:00:00,2024-04
1475,490,onboard,3,1,2024-04-07 04:00:00,2024-04
1476,490,activate,4,0,2024-04-12 09:00:00,2024-04
1477,491,visit,1,1,2024-01-21 00:00:00,2024-01
1478,491,signup,2,1,2024-01-21 12:00:00,2024-01
1479,491,onboard,3,1,2024-01-21 02:00:00,2024-01
1480,491,activate,4,1,2024-01-21 18:00:00,2024-01
1481,491,purchase,5,0,2024-01-27 08:00:00,2024-01
1482,492,visit,1,1,2024-04-12 00:00:00,2024-04
1483,492,signup,2,1,2024-04-13 18:00:00,2024-04
1484,492,onboard,3,1,2024-04-13 10:00:00,2024-04
1485,492,activate,4,0,2024-04-15 09:00:00,2024-04
1486,493,visit,1,1,2024-03-13 00:00:00,2024-03
1487,493,signup,2,0,2024-03-13 23:00:00,2024-03
1488,494,visit,1,1,2024-02-28 00:00:00,2024-02
1489,494,signup,2,0,2024-02-29 06:00:00,2024-02
1490,495,visit,1,1,2024-01-19 00:00:00,2024-01
1491,495,signup,2,1,2024-01-20 05:00:00,2024-01
1492,495,onboard,3,0,2024-01-19 16:00:00,2024-01
1493,496,visit,1,1,2024-05-16 00:00:00,2024-05
1494,496,signup,2,0,2024-05-17 03:00:00,2024-05
1495,497,visit,1,1,2024-04-19 00:00:00,2024-04
1496,497,signup,2,1,2024-04-19 23:00:00,2024-04
1497,497,onboard,3,1,2024-04-19 18:00:00,2024-04
1498,497,activate,4,0,2024-04-22 03:00:00,2024-04
1499,498,visit,1,1,2024-02-14 00:00:00,2024-02
1500,498,signup,2,0,2024-02-14 02:00:00,2024-02
1501,499,visit,1,1,2024-02-22 00:00:00,2024-02
1502,499,signup,2,1,2024-02-22 07:00:00,2024-02
1503,499,onboard,3,1,2024-02-24 20:00:00,2024-02
1504,499,activate,4,1,2024-02-24 09:00:00,2024-02
1505,499,purchase,5,0,2024-02-22 12:00:00,2024-02
1506,500,visit,1,1,2024-04-19 00:00:00,2024-04
1507,500,signup,2,1,2024-04-20 18:00:00,2024-04
1508,500,onboard,3,0,2024-04-20 14:00:00,2024-04
